1,Ian Highway,Adrianborough
2,Jared Walk,Adrianborough
3,Michelle Stream,Adrianborough
4,Timothy Lakes,Mooreton
5,Nguyen Gardens,Lake Bradley
6,Ruiz Tunnel,Lake Bradley
7,Clark Curve,Lake Bradley
8,Nicholas Mill,Staceystad
9,Tyler Island,Staceystad
10,Smith Harbor,Staceystad
11,Timothy Forest,Cunninghamshire
12,Sullivan Causeway,Cunninghamshire
13,Jessica Stravenue,New Amy
14,James Forest,Dominiqueland
15,Jeffrey Passage,Dominiqueland
16,Savannah Summit,Hughesfurt
17,Clark Streets,Hughesfurt
18,Jerry Forks,South Larry
19,Sabrina Port,Holmestown
20,Ronald Ways,Holmestown
21,Chen Radial,Holmestown
22,Wong Rest,Gonzaleshaven
23,Michael Spurs,Gonzaleshaven
24,Macdonald Neck,West John
25,George Valley,Garciatown
26,Jessica Meadow,Garciatown
27,Roberson Turnpike,Christensenland
28,Jared Villages,Christensenland
29,Welch Vista,Christensenland
30,Boone Cove,South Bryan
31,Lisa Spring,South Bryan
32,Jamie Plain,New Josephberg
33,White Lakes,New Josephberg
34,Griffin Centers,East Georgefurt
35,Howard Curve,East Georgefurt
36,Morse Bridge,East Georgefurt
37,Kristen Square,Port Heather
38,Randolph Crossroad,Port Heather
39,Ware Village,Port Heather
40,Jenkins Ports,Floresview
41,Jack Pine,Floresview
42,Moody Parks,West Michael
43,Joseph Prairie,West Michael
44,Johnson Manors,West Michael
45,Burgess Summit,Port Mike
46,Adams Key,Port Mike
47,Joshua Trace,West Donnaport
48,Jeremy Plaza,East Jimmystad
49,Becker Mills,West Robert
50,Scott Vista,West Robert
51,Joseph Junctions,West Robert
52,Davis Roads,Lake Craig
53,Lucas Plains,Lake Craig
54,Bright Via,Lake Craig
55,Deanna Gardens,Port Laurachester
56,Orozco Vista,West Jason
57,Myers Forks,New Mary
58,Maria Neck,New Mary
59,Wilson Freeway,Port Tammy
60,Steven Turnpike,Matthewberg
61,Tonya Pass,Jerrystad
62,Angela Harbor,Daniellehaven
63,Cardenas Walks,Daniellehaven
64,Brown Common,Lake Angelaberg
65,Oneill Fields,Lake Angelaberg
66,Joseph Pine,East Timothy
67,Ortiz Mews,East Timothy
68,Smith Ranch,North Waltershire
69,Susan Terrace,North Waltershire
70,Callahan Spring,Reynoldsside
71,Alex Hollow,Reynoldsside
72,Julie Estate,Reynoldsside
73,Martin Underpass,Brittanyville
74,Cantu Lodge,Brittanyville
75,Nicole Fields,Alexchester
76,Donald Creek,Alexchester
77,Jeffrey Ridges,Michaelside
78,Adams Hill,Michaelside
79,Kimberly Rest,Michaelside
80,White Mills,Michaelfort
81,Anderson Village,Michaelfort
82,Valenzuela Ramp,Michaelfort
83,Robertson Locks,Martinberg
84,Porter Inlet,East Courtneybury
85,Thomas Plains,East Courtneybury
86,Gregory Shores,New David
87,Samuel Station,New David
88,Walter Valley,New David
89,Jonathon Circle,Griffinfurt
90,Sutton Ports,Isaacstad
91,Jimenez Overpass,Isaacstad
92,Williams Squares,Christopherborough
93,James Terrace,North Karenstad
94,Robinson Union,North Karenstad
95,Montoya Drive,North Karenstad
96,Brown Curve,Joseport
97,Renee Canyon,Joseport
98,Jennifer Vista,Joseport
99,Kim Meadows,South Troyport
100,Jesse Lane,South Troyport
101,Williams Fork,South Troyport
102,Tara Spur,Kaylaland
103,Jonathan Squares,Alexanderville
104,Berger Forks,South Ginamouth
105,Sharon Fall,South Ginamouth
106,Chad Dale,Lake Peter
107,Andrew Rue,Lake Deannachester
108,Collins Highway,Michaelfurt
109,Lisa Viaduct,New Angela
110,Reyes Mews,New Angela
111,Jackson Springs,Singhport
112,Wallace Parks,Singhport
113,Tammy Mountain,Singhport
114,Richard Hill,Hallhaven
115,Rojas Landing,Odonnellhaven
116,James Keys,Odonnellhaven
117,Beverly Harbors,East Kenneth
118,Ann Fall,East Kenneth
119,Thomas Glens,East Kenneth
120,Robin Vista,Port Benjaminberg
121,Ashley Brook,Port Benjaminberg
122,Gregory River,West Jamesland
123,Martin Harbor,West James
124,Kerr Fall,South Manuel
125,Jaime Forge,South Manuel
126,Wesley Stream,South Manuel
127,Beverly Valleys,Pattersonburgh
128,Johnson Forges,Evanland
129,Tommy Way,Evanland
130,Brown Orchard,Maxwellmouth
131,Strickland Place,Maxwellmouth
132,Eileen Road,Madelineville
133,Jennifer Islands,Madelineville
134,Nicole Lodge,Madelineville
135,Julie Burg,South Kristytown
136,Olson Ferry,South Kristytown
137,Lindsey Corners,South Kristytown
138,Bradley Extension,South Eric
139,Ann Villages,Matthewhaven
140,Lyons Causeway,Cynthialand
141,Beth Ford,Cynthialand
142,Jacob Highway,Brandtfort
143,Dodson Curve,South Jerry
144,Jill Prairie,South Jerry
145,Andrew Wells,West Cynthiabury
146,Vega Ridges,Maldonadoville
147,Moss Via,Maldonadoville
148,Christopher Shores,Maldonadoville
149,Briana Shore,Wallacechester
150,Ramirez Cliff,Wallacechester
151,Terri Dam,Wallacechester
152,Blevins Flats,West Patriciaport
153,Keith Avenue,Edwardsberg
154,William Cliffs,Edwardsberg
155,Hartman Fields,New Shelley
156,Terry Skyway,New Shelley
157,Jason Extensions,New Shelley
158,Gill Parks,Jerryton
159,Erik Forks,Marieland
160,Donna Terrace,Adamland
161,Rebecca Walk,Port Brian
162,Olivia Junction,Port Brian
163,Danielle Rapid,Port Brian
164,Dawn Points,Lake Billy
165,Potts Junction,Lake Billy
166,David Rue,Lake Billy
167,Perez Garden,Lopezside
168,Ebony Shoals,West Michaelview
169,Boyd Groves,West Michaelview
170,Barbara Burgs,West Johnmouth
171,Daniels Mall,West Johnmouth
172,Contreras Squares,West Johnmouth
173,Bryan Groves,Porterberg
174,Frazier Harbors,Smithside
175,Julie Drives,Smithside
176,Thompson Union,Smithside
177,Christina Route,Mitchellview
178,Meghan Gardens,East Pamelaberg
179,Barker Walk,East Pamelaberg
180,Thompson Path,East Pamelaberg
181,Salinas Mountain,Jasonfurt
182,Brown Road,Markside
183,Bryan Passage,Markside
184,Schneider Coves,Markside
185,White Ramp,West Kelseyton
186,Nathan Union,West Kelseyton
187,Joshua Prairie,North Alexander
188,Stone Flats,North Alexander
189,Austin Haven,North Alexander
190,Williams Stream,North Mariaside
191,Kenneth Turnpike,Lake Norma
192,Theresa Pines,Gregoryborough
193,David Rapids,Gregoryborough
194,Paul Points,Gregoryborough
195,Byrd Path,North Dana
196,Smith River,South Angeltown
197,Taylor Inlet,South Angeltown
198,Oconnor Cove,South Angeltown
199,Howard Throughway,Downsbury
200,Hansen Vista,Blakebury
201,Albert Neck,Blakebury
202,Robinson Radial,Bryantborough
203,Ashley Viaduct,New Larrytown
204,Kevin Plains,New Larrytown
205,Christopher Skyway,Jenniferland
206,Michelle Drives,Jenniferland
207,Cindy Extension,Lake Russell
208,Joshua Island,Gregoryville
209,Katie Mountains,Simmonsborough
210,Wright Plains,Simmonsborough
211,Ann Hollow,Thomasbury
212,Shah Crossroad,Thomasbury
213,Morris Street,Thomasbury
214,Wanda Branch,Staffordport
215,Timothy Ridge,New Katrina
216,Nathaniel Manor,New Katrina
217,William Road,New Katrina
218,Dawn Prairie,South Gregoryshire
219,Carlos Skyway,South Gregoryshire
220,Jonathan Hill,Wilsonfurt
221,Phillip Stream,Julieburgh
222,Kristy Drive,Julieburgh
223,Hubbard Ville,Julieburgh
224,Snyder Valley,East Jamesshire
225,Nancy Light,East Jamesshire
226,Wayne Curve,East Jamesshire
227,Jon Trail,North Andrew
228,Kim Valley,North Andrew
229,Diana Mountains,Lake Jason
230,Debbie Roads,Lake Kevintown
231,Conner Divide,Johnbury
232,Theresa Mountains,Craigborough
233,Bryan Isle,Craigborough
234,Townsend Skyway,East Katrinaburgh
235,Smith Garden,Port Alicia
236,Rogers Lock,Port Alicia
237,Matthew Fields,Port Alicia
238,Kathleen Overpass,Jillianmouth
239,Ortega Plains,Dickersonland
240,Jonathan Ridges,Dickersonland
241,Evans Bypass,Lake Jenniferberg
242,Vincent Estates,Taylorhaven
243,Gray Ports,Taylorhaven
244,Brooks Via,Taylorhaven
245,Noble Points,North Lisa
246,Burke Ville,North Lisa
247,Key Cape,Lake Christopher
248,George Keys,Lake Christopher
249,Jeffery Junctions,Lake Christopher
250,Bell Springs,Timothyport
251,Rasmussen Estates,Timothyport
252,Russo Key,Mejiafurt
253,Marquez Fords,Mejiafurt
254,Kemp Pine,Mejiafurt
255,April Row,Port Brenda
256,Rodriguez Causeway,Victoriamouth
257,Christopher Mountains,Victoriamouth
258,Michael Mill,Victoriamouth
259,Mccarthy Trail,Aprilburgh
260,Johnson Port,Aprilburgh
261,Burton Plaza,Brandonport
262,Michael Ports,East Lindaburgh
263,Kyle Mountains,East Lindaburgh
264,Melissa Prairie,East Lindaburgh
265,Wanda Village,New Lisafurt
266,Woods Brooks,New Lisafurt
267,Michelle Meadow,New Lisafurt
268,Jacob Parkway,Mcclainport
269,Marquez Street,Mcclainport
270,Steven Lakes,West Andrewtown
271,Anne Ridges,West Andrewtown
272,Angela Stravenue,Bensonfort
273,Hannah Mill,Bensonfort
274,Robert Brook,Tabithatown
275,Holland Forges,Tabithatown
276,Smith Overpass,Tabithatown
277,Troy Garden,Rogersberg
278,Rose Forks,Cindyside
279,Johnson Road,Port Christopherbury
280,Jacqueline Ways,Lake Alyssa
281,William Hollow,Lake Alyssa
282,Ricky Squares,Lake Alyssa
283,Bennett Drives,Herreraport
284,Nathan Turnpike,Herreraport
285,Lewis Summit,Paulborough
286,Diaz Well,Paulborough
287,Margaret Ports,Kaylaburgh
288,Austin Green,Kaylaburgh
289,Ramirez Heights,Lake Markfort
290,Roberts Rue,Lake Markfort
291,Marcus Ramp,Lake Markfort
292,Austin Terrace,Smithport
293,Darlene Forge,Lake James
294,Phillips Streets,Lake James
295,Brent Mall,Lisaville
296,Paul Drives,Lisaville
297,Hoffman Hollow,Lisaville
298,Thomas Dale,Sherryville
299,Karla Bridge,Sherryville
300,Virginia Village,Sherryville
301,Morgan Plaza,Mariamouth
302,Ashley Glen,Mariamouth
303,Curtis Pass,Mariamouth
304,Renee Pike,East Danielhaven
305,Gina Walks,East Danielhaven
306,Smith Walks,East Danielhaven
307,Davis Overpass,East Jefferyview
308,Betty Common,East Jefferyview
309,Amy Streets,South Kylieborough
310,Lindsey Brook,South Kylieborough
311,Hill Ranch,South Kylieborough
312,Michele Ways,Roblesshire
313,Danny Mountain,Whiteshire
314,Chapman Shore,Lake Seanview
315,Herman Loop,South Jerome
316,Alexander Lakes,South Jerome
317,Cynthia Ford,Brooksbury
318,Justin Mews,Jeffmouth
319,Cindy Mall,Jeffmouth
320,Victoria Junction,New Jameschester
321,Sally Loaf,Jamesview
322,Jacobs Lock,Jamesview
323,Long Common,Trevorfurt
324,Craig Fork,Trevorfurt
325,Nicholas Green,Trevorfurt
326,Heather Courts,Robinsonburgh
327,Ortega Island,Robinsonburgh
328,Miguel Light,Lake Richard
329,Joseph Trail,Lake Richard
330,Johnathan Passage,South Jason
331,Henderson Prairie,Sanchezton
332,Timothy Meadow,South David
333,Kelly Island,South David
334,Jefferson Dam,South David
335,Mariah Key,Port Nicoleport
336,Christine Locks,Port Nicoleport
337,Eric Extensions,Port Nicoleport
338,Sean Burg,New Christopher
339,Hunter Summit,New Christopher
340,Diaz Garden,New Christopher
341,James Extension,Leahchester
342,Gonzalez Trafficway,Leahchester
343,Garcia Divide,Leahchester
344,Taylor Rest,Smithchester
345,Ronnie Squares,Smithchester
346,Branch Groves,Smithchester
347,Isaac Forest,Gonzalezberg
348,Adkins Junctions,Gonzalezberg
349,Rhonda Ridge,Gonzalezberg
350,Laura Manor,Lake Amystad
351,Ramirez Hollow,Lake Amystad
352,Cooper Hills,Matthewstad
353,Wright Mill,Matthewstad
354,Lisa Circle,Maryburgh
355,Ramos Isle,Robertsonville
356,Blevins Drive,Robertsonville
357,Patrick Pine,Robertsonville
358,Hart Meadows,West Zacharyfort
359,Amanda Points,Jasmineport
360,Gonzalez Prairie,North Tyler
361,Raymond Fall,North Tyler
362,Gonzalez Trail,Robinsonmouth
363,Charles Estate,Jameschester
364,Stokes Mountains,Wilsonberg
365,Jennifer Landing,Ashleyside
366,Pugh Neck,Ashleyside
367,Chandler Island,Ashleyside
368,Romero Walks,Lake Jennifer
369,Chloe Plaza,Lake Jennifer
370,Parker Place,West Brandon
371,Miller Roads,Port Jaredview
372,Nguyen Gateway,Javierburgh
373,Stephens Forest,Javierburgh
374,Hawkins Island,Javierburgh
375,Powers Cape,Wilsonport
376,John Light,Wilsonport
377,Richard Via,Laurachester
378,Heather Mountain,Laurachester
379,Stephen Mission,Abbottport
380,Michael Valleys,Abbottport
381,Gonzalez Inlet,Christineberg
382,Romero Lake,New Jocelyn
383,Kristie Manor,New Jocelyn
384,Aguilar Burg,New Jocelyn
385,Daniel Drives,Princeborough
386,James Knolls,Port Jessica
387,Jesus Fort,Port Jessica
388,James Creek,Port Jessica
389,Erin Walk,Huffview
390,Darryl Ports,Huffview
391,Kayla Ramp,Davidtown
392,Cook Village,East Jenniferview
393,Howard Gateway,Davidmouth
394,Barron Glen,Davidmouth
395,Baldwin Fields,Davidmouth
396,Fox Green,Bennettstad
397,Christopher Fork,Samanthamouth
398,Jacqueline Meadows,Poncestad
399,Stewart Isle,Poncestad
400,Rachel Via,Poncestad
401,Park Fork,Haneyside
402,Chambers Walk,South Marcusburgh
403,Hull Ford,Danielmouth
404,Francis Shoals,Danielmouth
405,Smith Squares,Reevesville
406,James Spur,East Brian
407,George Viaduct,East Brian
408,Brittany Center,East Brian
409,Matthew Manor,Wilkinsonton
410,Thomas Courts,Wilkinsonton
411,Shaffer Meadow,Wilkinsonton
412,Anthony Isle,New Amychester
413,Stacy Plain,New Amychester
414,Gallagher Locks,Lake Georgeview
415,Marie Road,Lake Georgeview
416,Stephenson Center,Port Nicoleville
417,Mills Groves,West Heather
418,Danny Via,West Heather
419,Powell Ports,Dennismouth
420,Hall Terrace,Dennismouth
421,Theresa Brook,North Julie
422,Diana Harbors,North Julie
423,Mason Views,North Julie
424,Foster Forge,Matthewland
425,Carla Drive,Matthewland
426,Greer Plaza,West Kristin
427,Thomas Shore,West Kristin
428,Michael Coves,West Kristin
429,Jacobson Knolls,New Peterhaven
430,Hobbs River,New Peterhaven
431,Christopher Canyon,New Peterhaven
432,Sullivan Center,Pittsburgh
433,Campbell Mountain,Pittsburgh
434,Luke Key,Pittsburgh
435,Robinson Lock,New Eugenestad
436,Danny Hill,Brucefort
437,Collins Club,Allisonberg
438,Christopher Glens,Allisonberg
439,Johnson Lodge,North Shannonview
440,Hill Square,East Scott
441,Porter Forges,South Lindsayport
442,Gardner Keys,Feliciastad
443,Sheila Mountain,Henrymouth
444,Robertson Inlet,Henrymouth
445,Dawn Path,Henrymouth
446,Joseph Camp,Mariaville
447,Gibson Skyway,Mariaville
448,Steele Mountain,Mariaville
449,Benton Pines,West Andrewmouth
450,Murray Stravenue,West Andrewmouth
451,Garza Freeway,Amyburgh
452,Brown Union,Amyburgh
453,Hughes Forge,Amyburgh
454,Lindsey Cape,Lanechester
455,Todd Branch,Lanechester
456,John Terrace,Lanechester
457,Jessica Port,South Katherine
458,James Locks,South Katherine
459,Hannah Flats,South Katherine
460,Christopher Square,Garnershire
461,Benjamin Flats,Garnershire
462,Stephanie Union,South Linda
463,Powers Burgs,South Linda
464,Lawson Street,Smithland
465,April Neck,Smithland
466,Nicholas Branch,Gordonmouth
467,Andrew Stravenue,Gordonmouth
468,Kevin Flat,Gordonmouth
469,Stephanie Fork,East Amy
470,Tonya Course,Stevensville
471,Natalie Street,Stevensville
472,Luna Avenue,Stevensville
473,Vicki Inlet,New Emilyberg
474,Angela Junction,New Emilyberg
475,Alejandra Union,Richardberg
476,Raymond Radial,Richardberg
477,Mitchell Radial,Richardberg
478,Lawrence Track,Port Roy
479,Fitzgerald Throughway,Washingtonland
480,Porter Wells,Washingtonland
481,Hampton Village,Washingtonland
482,Lori Groves,Aaronshire
483,Jaime Flat,Aaronshire
484,Gutierrez Meadows,New Johnathan
485,Lindsey Lakes,New Johnathan
486,Murphy Falls,South Melody
487,Bradley Station,Jasonville
488,Joseph Trail,Jasonville
489,Adams Mountain,Jasonville
490,Debbie Passage,Rayhaven
491,Judy Groves,Rayhaven
492,Veronica Loaf,Rayhaven
493,Daniel Plaza,South Davidberg
494,Robert Pike,South Davidberg
495,Courtney Prairie,South Davidberg
496,Matthew Shores,New Scott
497,Smith View,New Scott
498,Timothy Street,Jordanburgh
499,James Ridges,Jordanburgh
500,Perez Mall,East Lisa
501,Emma Estate,East Lisa
502,Castillo Overpass,East Lisa
503,David Squares,East Stacy
504,Jackie Forges,East Stacy
505,Jason Ramp,East Stacy
506,Hodges Forge,Port Brendatown
507,Armstrong Dale,Port Brendatown
508,Samantha Port,Port Amy
509,Lambert Island,North Kathrynfort
510,Larsen Run,North Kathrynfort
511,Meyer Station,North Kathrynfort
512,Russell Shore,Tinabury
513,David Camp,New Susanton
514,Johnson Road,Nathanview
515,Richard Islands,Nathanview
516,Douglas Street,Taylorport
517,Claire Views,Taylorport
518,Adams Gardens,Taylorport
519,Linda Camp,Port Jennifer
520,Anthony Rest,Port Jennifer
521,Felicia Coves,Kristinahaven
522,Jessica Estate,Kristinahaven
523,Walker Camp,Kristinahaven
524,Charles Heights,East Misty
525,Jones Trafficway,East Misty
526,Whitaker Run,East Misty
527,Danielle Ranch,East Lisahaven
528,Breanna Road,East Lisahaven
529,Watson Loop,Traceybury
530,Stewart Villages,Traceybury
531,Dyer Manor,Traceybury
532,Raymond Neck,Pittsfort
533,Hubbard Rest,Clarkstad
534,Davis Pines,Lake Sandraburgh
535,Andrews Cliffs,Lake Sandraburgh
536,Michael View,Tatestad
537,Melissa Field,Mooreview
538,Brown Mall,Youngborough
539,Michael Shores,North Amber
540,Jackson Run,Lauratown
541,Farrell Vista,Lauratown
542,John Avenue,Lauratown
543,Peterson Station,North Traci
544,Luis Hollow,North Traci
545,Jonathan Island,North Traci
546,Johnson Tunnel,Ericville
547,Martin Circles,North Benjamin
548,Kyle Estate,North Benjamin
549,Johnson Light,North Benjamin
550,Martin Junctions,South Amberstad
551,Martinez Rue,South Amberstad
552,Green Locks,South Amberstad
553,Paul Islands,North Jacob
554,Dominic Walks,North Jacob
555,Brad Flat,North Jacob
556,Flores Mountains,Morganton
557,Gregory Orchard,New Michael
558,Mallory Valley,New Michael
559,Smith Terrace,New Michael
560,Emily Tunnel,North Rebecca
561,Thomas Corner,North Rebecca
562,Gabriela Park,Port Carolynside
563,Robinson Lane,Port Carolynside
564,Fuentes Vista,Port Carolynside
565,Craig Tunnel,Grantshire
566,Swanson Mall,Frederickhaven
567,Shelby Vista,Frederickhaven
568,Poole Springs,Frederickhaven
569,Shane Dale,Lake Dillonberg
570,Jamie Summit,Lake Dillonberg
571,Mary Lodge,Port Karenborough
572,Jessica Port,Palmershire
573,Cisneros Inlet,Melissaport
574,Amanda Via,Larsonbury
575,Patterson Spring,Larsonbury
576,Michael Plaza,Larsonbury
577,Richard Orchard,Davisbury
578,William Forest,Davisbury
579,Cole Drives,Davisbury
580,Chaney Underpass,Melissaberg
581,Jamie Streets,Melissaberg
582,Johnson Inlet,Melissaberg
583,Harper Inlet,Williamland
584,Anderson Harbor,Williamland
585,Jones Grove,Carolyntown
586,Jones Port,Carolyntown
587,Wilson Lodge,Carolyntown
588,Graham Lights,Johnland
589,Edward River,Johnland
590,William Cliffs,Rodriguezberg
591,Brenda Station,Rodriguezberg
592,Reyes Vista,Rodriguezberg
593,Patrick Hill,North Kayla
594,Steven Meadow,North Kayla
595,Christopher Circles,North Kayla
596,Richard Crossing,Millerstad
597,Gray Dam,Millerstad
598,Gregory Loop,Millerstad
599,Jose Trail,Port Shawn
600,Robert Point,South Caroline
601,Wallace Summit,South Caroline
602,Nathan Park,South Caroline
603,Paul View,Nathanshire
604,Patterson Circle,Lake Kenneth
605,Nicole Pine,Lake Kenneth
606,James Freeway,Lake Kenneth
607,Yvonne Prairie,Jeremyview
608,Robles Land,Noahberg
609,Garcia Ferry,Noahberg
610,Jason Lights,Baileyside
611,Lee Mountains,Baileyside
612,Potts Rest,Baileyside
613,Edward Plaza,South Derekchester
614,Anna Port,South Derekchester
615,Green Pine,South Derekchester
616,Nielsen Branch,New Susan
617,Dunn Knolls,New Susan
618,Lopez Vista,East Richardbury
619,Walker Mews,East Richardbury
620,Catherine Curve,North Colleenmouth
621,Vazquez Hill,North Colleenmouth
622,Kevin Point,North Colleenmouth
623,Martinez Spurs,South Elizabeth
624,Perez Dam,South Elizabeth
625,Humphrey Crossroad,South Elizabeth
626,Lane Mews,Holtmouth
627,Ruiz Locks,Port Cheryl
628,Singh Springs,Port Cheryl
629,Watson Shores,Port Cheryl
630,Patterson Hollow,Hancockborough
631,Chavez Coves,Hancockborough
632,Carolyn Crescent,South Jeffrey
633,Wilson Fields,South Alexanderberg
634,Robert Expressway,South Alexanderberg
635,April Hollow,South Alexanderberg
636,Oconnell Crossroad,West Vickie
637,Bradley Station,West Vickie
638,Jennifer Lock,West Vickie
639,Nguyen Squares,Lucasmouth
640,Michael Camp,Lucasmouth
641,John Ranch,Clintonport
642,Baker Land,New Ryan
643,Jessica Walks,New Ryan
644,Cox Burgs,Joanberg
645,Herbert Parkways,Joanberg
646,Jeff Station,South Megan
647,Robert View,South Megan
648,Tony Landing,South Megan
649,Matthew Village,East Kevinfurt
650,Cole Lake,East Kevinfurt
651,Hayley Knoll,Myerstown
652,Price Grove,Myerstown
653,Vanessa Drive,East Aaronport
654,Heather Skyway,East Aaronport
655,Elaine Knoll,Mcguireside
656,Evan Summit,Mcguireside
657,Aimee Roads,Mcguireside
658,Adkins Village,Lake Michael
659,Michelle Valleys,Lake Michael
660,Delgado Views,Lake Michael
661,Lisa Lodge,Port Brandonton
662,Kristin Ramp,North Shaun
663,Steven Haven,North Shaun
664,Gregory Gateway,Veronicaland
665,Martin Points,Hicksport
666,Jenny Ridges,East Alexborough
667,Parrish Loaf,East Alexborough
668,Rhodes Parkway,West Jameshaven
669,Jack Corners,West Jameshaven
670,Turner Lodge,Chelseaberg
671,Jonathon Mountains,Chelseaberg
672,Raymond Streets,Christopherton
673,Ashley Burg,Christopherton
674,Ramirez Stream,South Nicolemouth
675,Garrett Islands,South Nicolemouth
676,Mark Shoal,North Tylerfort
677,Cathy Tunnel,North Tylerfort
678,Arthur Walk,North Tylerfort
679,Frye Fords,New Brian
680,Cross Cove,New Brian
681,Spencer Club,New Brian
682,Turner Vista,West Coreyfort
683,Perry Mount,Joseton
684,Chloe Stream,New Steven
685,Case Parks,Andreachester
686,Owen Glen,Gordonville
687,Amy Estate,Charlestown
688,Fox Isle,Charlestown
689,Hudson Path,Lake Nancymouth
690,Eric Green,New Dennis
691,Russell Isle,Martinezborough
692,Larry Avenue,Martinezborough
693,Adams Extensions,Garyview
694,Sydney Terrace,Garyview
695,Collins Glen,Cherylchester
696,Kathleen Valley,Cherylchester
697,Coleman Underpass,Cherylchester
698,Duran Pine,Martinburgh
699,Corey Ridge,Martinburgh
700,Ramsey Walks,Martinburgh
701,Stephanie Underpass,West Kathyborough
702,Lara Stravenue,Mullenside
703,Garrison Mountains,Mullenside
704,Taylor Court,Mullenside
705,Michelle Wall,South Markmouth
706,Daniel Route,Stephenborough
707,Turner Fort,Stephenborough
708,Perry Alley,Stephenborough
709,Cruz Mountain,North Brian
710,Dana Ferry,North Brian
711,Sean Ford,Richardmouth
712,Andrew Island,Richardmouth
713,Nicholas Harbors,Trevorchester
714,Gutierrez Locks,Trevorchester
715,Jason Center,Davidfort
716,Perez Land,Coxville
717,Cain Hill,Coxville
718,Vazquez Way,Coxville
719,Valerie River,South Sheilastad
720,Matthew Crossing,South Sheilastad
721,Gary Estates,New Barbarastad
722,Sutton Spur,New Barbarastad
723,Laura Camp,New Barbarastad
724,Suarez Mountain,South Karenville
725,Snyder Loaf,South Karenville
726,Robert Flats,South Bradley
727,Sosa Groves,South Bradley
728,Steven Valleys,West Angelaberg
729,Lacey Gardens,Wesleyville
730,Sarah Loaf,New Andrewport
731,Mcpherson Mountains,New Andrewport
732,Mcdowell Flats,New Andrewport
733,Roberts Knoll,Wendyshire
734,Stephanie Fords,Wendyshire
735,Jenny Junction,Reedton
736,Zuniga Brook,Reedton
737,Felicia Fork,West Joshua
738,James Rue,West Joshua
739,Robert Burg,West Joshua
740,Amanda Inlet,South Jennifer
741,Miller Fort,South Jennifer
742,Cynthia Manor,Kingshire
743,Miller Landing,West Cindy
744,Nelson Land,West Cindy
745,Debra Center,Marktown
746,Rose Lane,East Deborah
747,Rodriguez Forge,Nancyshire
748,Davis Crescent,Lake Lisaland
749,Jill Squares,New Amandabury
750,Leah Extension,New Amandabury
751,Yolanda Tunnel,New Amandabury
752,Knox Garden,Youngshire
753,Ward Trail,Youngshire
754,Kimberly Inlet,Youngshire
755,Leonard Mountain,Port Christine
756,John Pass,Port Christine
757,Owens Overpass,North Katherine
758,Douglas Oval,Garciamouth
759,Donald Stravenue,East Jeremytown
760,Randall Brooks,South Stacy
761,Sandoval Passage,West Christina
762,Jennifer Station,West Christina
763,Louis Parkway,West Christina
764,Prince Junctions,West Melissatown
765,Rowe Prairie,West Melissatown
766,Jenkins Bypass,West Melissatown
767,Wendy Shoals,South Juan
768,Wendy Village,South Juan
769,Elizabeth Locks,South Shannon
770,Berger Ports,East Cindytown
771,Emily Freeway,East Cindytown
772,Leon Light,East Cindytown
773,Anthony Loop,Sanchezside
774,Cherry Field,Sanchezside
775,Brittany Square,Sanchezside
776,Joseph Rest,East Kennethbury
777,Stark Roads,East Kennethbury
778,Lauren Green,Harrisville
779,Taylor Roads,Harrisville
780,Jackson Streets,Harrisville
781,Rice Crossroad,Port Meganside
782,Peter Overpass,Port Meganside
783,Mark View,Huntside
784,Michael Mount,Huntside
785,Emily Gardens,Huntside
786,William Flats,Brookeland
787,Deanna Canyon,Larashire
788,Theresa Grove,Duffychester
789,Park Place,Duffychester
790,Meredith Cove,Duffychester
791,Davis Crescent,Lake Seanstad
792,Thompson Prairie,Lake Seanstad
793,Roth Mountain,New Carriehaven
794,Christopher Glen,New Carriehaven
795,Jessica Roads,South Kenneth
796,Beasley Orchard,Scotttown
797,Horne Vista,Jonesside
798,Katie Turnpike,Jonesside
799,Teresa Pine,Jonesside
800,Jennifer Mission,Hendersonport
801,Gallegos Meadow,Hendersonport
802,Nelson Views,Port Denise
803,Frazier Harbors,Port Denise
804,Vincent Lights,East Joshua
805,Wilkins Fall,East Joshua
806,Claire Greens,Markland
807,Mclean Wall,Markland
808,Bruce Heights,Markland
809,Williams Oval,Johnsonstad
810,Amy Forges,Lake Anthonyport
811,Smith Square,Lake Anthonyport
812,Campos Run,Lake Anthonyport
813,Donovan Path,New Saramouth
814,Joseph Ramp,Taylorshire
815,Christopher Road,Taylorshire
816,Miller Harbor,Taylorshire
817,Carrillo Street,Port Robertport
818,Jeremy Summit,Port Robertport
819,Bobby Rapids,Dominguezbury
820,Brenda Common,Dominguezbury
821,Garza Inlet,Dominguezbury
822,Gina Creek,Juarezport
823,Lisa Course,Juarezport
824,Carroll Stream,Juarezport
825,Hughes Corner,North Nicoleton
826,Maria Brook,North Nicoleton
827,Hill Cape,North Nicoleton
828,Lonnie Estates,South Dustin
829,Megan Well,South Dustin
830,Justin Oval,South Dustin
831,Heather Plaza,Ruizchester
832,Jeffrey Tunnel,West Diamond
833,Brown Valley,West Gabrielaberg
834,Hughes Cliffs,East Cynthiahaven
835,Tina Key,East Cynthiahaven
836,Cook Motorway,East Cynthiahaven
837,Smith Way,North Connorland
838,Peterson Ranch,North Connorland
839,Ward Meadows,North Kelliemouth
840,Lauren Estate,East Douglas
841,Brian Locks,Clarkehaven
842,Barrera Light,Clarkehaven
843,Mary Overpass,Port Seanport
844,James Islands,Port Seanport
845,Michael Falls,Port Seanport
846,Erica Islands,Robinsonberg
847,Williams Mills,North Debra
848,Antonio Hills,North Debra
849,Vanessa Courts,North Debra
850,Wright Shore,Lake Courtneybury
851,Hunt Field,Lake Courtneybury
852,Bernard Highway,Lake Courtneybury
853,Schwartz Flat,Melissachester
854,Theresa Fork,Matthewville
855,Sean Glens,Nguyentown
856,Diana Mission,Nguyentown
857,Edwards Mountain,Andreaville
858,Ellison Grove,Maynardfurt
859,Meza Loaf,Maynardfurt
860,Cook Well,Maynardfurt
861,Brennan Burg,Bondtown
862,Barry Parkways,South Samantha
863,Elizabeth Neck,Perryshire
864,Leonard Cliff,Perryshire
865,Samantha Throughway,Perryshire
866,Karen Loop,Port Jonathan
867,Robert Knoll,Port Jonathan
868,Heather Underpass,Port Jonathan
869,Mcknight Way,Amyview
870,Felicia Motorway,Amyview
871,Jeffrey Plains,Amyview
872,Craig Centers,Lake Brittanymouth
873,Teresa Isle,New Tiffanyview
874,Dana Squares,New Tiffanyview
875,Brent Glen,Turnerside
876,Clark Row,Turnerside
877,Gilbert Island,South Destinystad
878,George Parkways,Port Justinland
879,Angela Skyway,Williamsfurt
880,Lawrence Views,Lake Rebeccaborough
881,Larson Brook,Jonesborough
882,Hurst Circles,Jonesborough
883,Alexandra Spur,Jonesborough
884,Anthony Estates,East Gabrielleborough
885,Stephanie Avenue,North Steven
886,Kathryn Street,North Steven
887,Brian Divide,West Richardville
888,Wanda Square,Michellechester
889,Angela Mall,Michellechester
890,Santiago Hill,Michellechester
891,Laurie Junctions,Tateton
892,Karen Ferry,Tateton
893,Flores Fords,Tateton
894,Benjamin Course,Andersonville
895,April Burgs,Andersonville
896,Amanda Oval,Sullivanstad
897,Michael Hill,Sullivanstad
898,John Lights,Sullivanstad
899,Matthew Ramp,Port Josephfort
900,Johnston Unions,Port Josephfort
901,Wiley Fort,New Deniseburgh
902,Lisa Gateway,New Deniseburgh
903,Erin Park,Charleston
904,Stacy Expressway,Charleston
905,Peter Via,Charleston
906,Shea Meadow,Port Bryanmouth
907,Roberts Burg,Port Kyle
908,Christopher Run,Nicoleport
909,Huff Ramp,Silvaside
910,Jared Highway,Silvaside
911,Callahan Plaza,Harperberg
912,Rachel Knolls,Harperberg
913,Martinez Way,Harperberg
914,Esparza Hills,Port Stephanie
915,Victoria Lane,Port Stephanie
916,Ball Ford,Port Stephanie
917,William River,Barbertown
918,Diana Mill,Barbertown
919,Barnes Islands,Barbertown
920,Kyle Wall,Schmidtbury
921,Ruth Heights,Schmidtbury
922,Parks Dale,Schmidtbury
923,Henry Estate,Francisland
924,Adam Valleys,Francisland
925,Medina Square,Francisland
926,Angela Valley,East Katelyn
927,Gardner Park,East Katelyn
928,Morse Fort,East Katelyn
929,Paige Station,New Nicholas
930,Sanchez Islands,New Nicholas
931,Andrew Springs,New Nicholas
932,Jessica Land,Lake Kristenburgh
933,Valencia Island,Lake Kristenburgh
934,Karen Mission,Lake Kristenburgh
935,Miller Field,Matashire
936,Houston Points,Matashire
937,Holly Crest,Matashire
938,Cohen Cove,West Kimberlyville
939,Anthony Trace,Fisherfort
940,Olson Ridges,Fisherfort
941,Brooke Cliff,Fisherfort
942,Williams Village,New Kelsey
943,Candice Mount,New Kelsey
944,Sharon Row,Herringville
945,David River,Jacksonberg
946,Robert Run,Jacksonberg
947,Lewis Cove,Jacksonberg
948,Allen Centers,Matthewton
949,Corey Extensions,Matthewton
950,Cassandra Field,Williamsburgh
951,Campos Burg,Williamsburgh
952,Monica Trail,Mcdanieltown
953,Jonathan Squares,Mcdanieltown
954,Perez Branch,Port Angela
955,Hill Club,Port Angela
956,Hayes Terrace,Hardinberg
957,Olsen Causeway,Rachelmouth
958,Diaz Point,Rachelmouth
959,Bishop Ways,Rachelmouth
960,Steve Plaza,New Eddiebury
961,Ross Groves,Harrishaven
962,Joel Harbors,Harrishaven
963,Kennedy Cliffs,Harrishaven
964,Valencia Landing,Hoganland
965,Derrick Tunnel,South Christina
966,Harris Inlet,South Christina
967,Andrew Haven,South Christina
968,Garcia Cape,New Andrewchester
969,Aaron Burgs,New Andrewchester
970,James Via,Jenniferfort
971,Garcia Club,Jenniferfort
972,Lee Lake,Reedtown
973,Bonilla Groves,Port Patrick
974,Turner Cliff,Port Patrick
975,Downs Village,Port Patrick
976,Fields Views,Hartmanville
977,Judy Parkway,Hartmanville
978,Rowland Track,Ruizview
979,Howard Crest,East Jessicashire
980,Sabrina Corner,East Jessicashire
981,Sarah Green,Mikeland
982,Carroll Valleys,Mikeland
983,Tina Ports,Port Alice
984,Anthony Well,Port Alice
985,Morales Harbor,Port Alice
986,Hardy Inlet,Lake Helen
987,Richard Tunnel,Lake Helen
988,Theresa Unions,Lake Helen
989,Cheryl Loaf,Sullivanmouth
990,Jennifer Coves,Sullivanmouth
991,Valenzuela Corners,Sullivanmouth
992,David Burgs,North Karen
993,Harris Throughway,North Karen
994,Gregory Street,North Karen
995,Andrew Shores,Lake Johnberg
996,Katherine Brook,New Edwardbury
997,Kelly Unions,New Edwardbury
998,Allison View,New Edwardbury
999,Williams Ville,North Thomasborough
1000,Bradley Valley,North Thomasborough
