1,"Davis, Wagner and Williams",199
2,"Smith-Romero",173
3,"Leonard Group",37
4,"Garcia Inc",81
5,"Wilson, Decker and Shelton",152
6,"Espinoza-Santana",46
7,"Hughes Ltd",107
8,"Jones LLC",42
9,"Green, Daniel and Delacruz",182
10,"Johnson, Daniels and Jordan",7
11,"Bridges, Richardson and Bradshaw",71
12,"Mcneil-Bowman",177
13,"Clark Ltd",82
14,"Young Inc",40
15,"Miller, Stone and Mendoza",138
16,"Goodwin, Thomas and Lewis",123
17,"Proctor Group",145
18,"Brewer-Berry",45
19,"Smith, Nolan and Martinez",116
20,"Wise LLC",193
21,"Barker-Rodgers",175
22,"Colon PLC",162
23,"Graham-Phillips",27
24,"Lopez, Fitzgerald and Sims",143
25,"Francis, Nelson and Stein",18
26,"Mann-Medina",111
27,"Park, Davis and Kennedy",10
28,"Barton-Stanley",57
29,"Morgan-Moore",21
30,"Wood, Butler and Miller",170
31,"Smith PLC",138
32,"Ellis Inc",131
33,"Collier LLC",56
34,"Rose-Shields",20
35,"Hendrix, Moran and Carlson",128
36,"Marshall PLC",60
37,"Nelson-Stephens",111
38,"Gonzales LLC",126
39,"Moore-Hunter",60
40,"Welch-Moore",13
41,"Arroyo LLC",176
42,"Miller-Robinson",36
43,"Leon, Graves and Carr",92
44,"Ross LLC",108
45,"Williams, Medina and Grant",169
46,"Mcintyre-Anderson",139
47,"Ballard and Sons",189
48,"Gomez-Scott",36
49,"Cuevas Inc",40
50,"Berry and Sons",21
51,"Garcia LLC",81
52,"Simpson LLC",196
53,"Reyes Inc",40
54,"Martinez Inc",193
55,"Galloway, Garcia and Rivas",14
56,"Stark-Morrison",185
57,"Harper, Brooks and Petersen",183
58,"Jacobs Ltd",46
59,"Herrera PLC",190
60,"Johnson PLC",7
61,"Graves, Levy and Palmer",120
62,"Evans-Carson",132
63,"Washington Inc",101
64,"Fuller, Payne and Mitchell",34
65,"Miller-Brandt",94
66,"Lopez and Sons",170
67,"James, Martinez and Matthews",96
68,"Ramsey-Hernandez",91
69,"Carter, Gonzales and Santos",163
70,"Kim, Murray and Harris",183
71,"Cummings-Jackson",5
72,"Ward-Cabrera",139
73,"Donaldson Ltd",116
74,"Payne-Jones",109
75,"Ramos, Wright and Hicks",72
76,"Reyes Inc",91
77,"Jordan Group",37
78,"Miller, Hale and Gibson",102
79,"Reynolds Inc",102
80,"Kelly-Trujillo",74
81,"Cummings and Sons",51
82,"Pacheco-Jacobson",34
83,"Bennett-Williams",23
84,"Villanueva LLC",7
85,"Sims, Gonzalez and Jones",132
86,"King LLC",101
87,"Perez and Sons",193
88,"Murphy-Perez",22
89,"Robinson-Wheeler",73
90,"Martinez-Bates",55
91,"Elliott-Cook",82
92,"Davis, Perkins and Dunlap",187
93,"Williams, Daniels and Perez",135
94,"Martinez-Castro",26
95,"Evans-Mullins",50
96,"Friedman, Byrd and Hopkins",110
97,"Williams-Carter",135
98,"Mcconnell-Martinez",86
99,"Clark, Wright and Wilcox",147
100,"Scott, Rocha and Hall",55
101,"Lewis, Smith and Baxter",194
102,"Lawrence and Sons",12
103,"Brooks, Cox and Duncan",109
104,"Sanchez LLC",83
105,"Mccall-Guerrero",179
106,"Aguilar LLC",147
107,"Lopez-Michael",176
108,"Norris PLC",170
109,"Mason, Johnson and Thomas",180
110,"Ramirez-Simmons",155
111,"Lewis-Bell",76
112,"Ward, Lopez and Sullivan",22
113,"Rose-Wright",112
114,"Mooney Ltd",106
115,"Mullen-Brewer",115
116,"Terrell Ltd",176
117,"Jackson Ltd",177
118,"Payne-Crosby",183
119,"Taylor-Rodriguez",200
120,"Christensen LLC",89
121,"Matthews, King and Braun",180
122,"Ruiz Ltd",138
123,"Crosby, Griffin and Moore",96
124,"Martinez-Montes",41
125,"Dunn Group",49
126,"Banks LLC",69
127,"Clark-Adams",73
128,"Mccarthy-Gonzalez",96
129,"Weiss, Madden and Turner",113
130,"Vaughn, Clayton and Morris",195
131,"Rocha-James",141
132,"Boyer-Obrien",53
133,"Butler-Allison",52
134,"Collier Group",105
135,"Ali Group",100
136,"Castillo, Silva and Harris",124
137,"Jordan-Greer",53
138,"Marshall, Pugh and May",54
139,"Juarez-Brown",139
140,"Chandler-Bradford",125
141,"Miles Inc",10
142,"Watson-Carpenter",54
143,"Wood LLC",179
144,"Garza Inc",36
145,"Holt-Knight",40
146,"Rose-Glenn",54
147,"Shaw LLC",9
148,"Barton-Villegas",59
149,"Wiggins-Guerrero",114
150,"White Group",128
151,"Palmer Group",66
152,"Rogers Inc",64
153,"Watkins Ltd",121
154,"Jackson, Lamb and Edwards",96
155,"Young-Rodriguez",39
156,"Williams Ltd",104
157,"Mcfarland-King",169
158,"Garcia, Wall and Carpenter",176
159,"Medina LLC",153
160,"Fitzgerald, Frazier and Reyes",196
161,"Lawrence-Alvarez",95
162,"Hill, Clark and Cunningham",100
163,"Greene, Contreras and Banks",184
164,"Olson-May",54
165,"Hart-Galvan",120
166,"Ramirez, Neal and Roberts",125
167,"Robinson, Larson and Yoder",163
168,"Gardner-Castillo",41
169,"Benitez, Dorsey and Cox",92
170,"Parrish-Pham",91
171,"Daniels Group",182
172,"Brown, Meyer and Johnson",153
173,"Mcclure-Jones",77
174,"Martin-Mcgee",135
175,"Anderson, May and Frederick",135
176,"Oliver-Ward",6
177,"Mathis and Sons",92
178,"Higgins and Sons",39
179,"Barton PLC",54
180,"Wu-Jackson",119
181,"Burton-Liu",143
182,"Klein and Sons",193
183,"Grimes-Keller",72
184,"Wade and Sons",25
185,"Charles Group",195
186,"Maddox, Torres and Lee",41
187,"Mcguire and Sons",85
188,"Torres-Baker",188
189,"Williams PLC",37
190,"Smith, Taylor and Sanchez",11
191,"Welch-Blankenship",102
192,"Romero, Guerrero and Elliott",150
193,"Reeves-Johnson",90
194,"Rose-Joyce",113
195,"Guerra, Stanley and Jenkins",11
196,"Hanson, Thomas and Williams",97
197,"Mendoza Inc",137
198,"Greene, Kim and Edwards",86
199,"Miller PLC",61
200,"Wall-Little",169
201,"Robbins, Williams and Brown",181
202,"White LLC",84
203,"Dunn Ltd",27
204,"Burns, Mann and Hawkins",78
205,"Diaz-Pruitt",175
206,"Clark PLC",133
207,"Ray-Vaughan",41
208,"Doyle, Brown and Ryan",53
209,"Watts, Hobbs and Valdez",12
210,"Mathews, Long and Charles",132
211,"Carson PLC",159
212,"Brewer and Sons",43
213,"Cook PLC",81
214,"Rhodes-Weber",35
215,"Lewis, Brown and Cole",55
216,"Goodman, Trujillo and Jackson",88
217,"Cherry-Gentry",85
218,"Johnson PLC",167
219,"Smith, Young and Bradley",20
220,"Kaiser-James",164
221,"Benjamin-Perez",91
222,"Williams, Morris and Carpenter",106
223,"Henry, Mcdonald and Horton",172
224,"Barnes Group",144
225,"Miller and Sons",193
226,"Payne PLC",195
227,"Potter, Baker and Johnson",43
228,"Willis, Morton and Brown",192
229,"Young-Williams",64
230,"Knight-Davis",194
231,"Young, Meyers and Webb",6
232,"Mendoza Inc",175
233,"Guerrero, Collins and Williams",106
234,"Fletcher, Pacheco and Bond",169
235,"Taylor-Marshall",29
236,"Smith-Small",29
237,"Collins-Williamson",6
238,"Barrett, Manning and Morgan",37
239,"Mendez Ltd",167
240,"Larson Ltd",85
241,"Burns-Turner",83
242,"Hayes Ltd",128
243,"Thompson, Heath and Flores",69
244,"Neal, Allen and Lee",18
245,"Walton Inc",39
246,"Cummings and Sons",148
247,"Martin LLC",52
248,"Anthony, Colon and Mcintyre",127
249,"Smith LLC",180
250,"Keller, Mills and Mitchell",185
251,"Bush Inc",6
252,"Larson-Evans",35
253,"Hayes Ltd",157
254,"Kidd, Collier and Bishop",89
255,"Bruce Ltd",92
256,"Hill Inc",33
257,"Carter Group",115
258,"Cook, Smith and Ryan",165
259,"Brooks-Powell",115
260,"Kramer, Ford and Phillips",75
261,"Bell-Salas",182
262,"Savage-Calhoun",151
263,"Huff-Mckenzie",157
264,"Harris-Guerra",9
265,"Brown, Smith and Blankenship",200
266,"Diaz-Edwards",183
267,"Torres-Harper",124
268,"Francis-Holmes",51
269,"Marshall, Hawkins and Meyer",127
270,"Wilson, Steele and Hunt",125
271,"Brown, Patrick and Castillo",134
272,"Peterson PLC",163
273,"Anthony LLC",164
274,"Kennedy and Sons",149
275,"Medina-Norman",180
276,"Davis, Bailey and Kane",49
277,"Watkins, Bailey and Yates",181
278,"Flowers Inc",157
279,"Williams, Jackson and Sims",154
280,"Walter-Tapia",66
281,"Turner-Green",63
282,"Bean-Smith",19
283,"Douglas LLC",9
284,"Wilkins PLC",27
285,"Pearson Group",50
286,"Johnson-Hoover",70
287,"Rose, Hicks and Stewart",160
288,"Serrano, Walker and Lopez",103
289,"Sanford, Miller and Miller",195
290,"Kim-Rodriguez",157
291,"Burton-Elliott",125
292,"Rodriguez-Martinez",157
293,"Sims and Sons",43
294,"Prince and Sons",28
295,"Morris-Ellis",30
296,"Ayers, Roberts and Fletcher",166
297,"Rivera-Lopez",58
298,"Yu, Hall and Santana",105
299,"Salazar PLC",136
300,"Castillo-Leach",195
301,"Wang Inc",48
302,"Hill, Powell and White",56
303,"Walker-Gallagher",26
304,"Tyler-Gibbs",17
305,"Miles, Graham and Santiago",58
306,"Swanson Inc",160
307,"Garcia Ltd",151
308,"Wong LLC",29
309,"Thomas Group",36
310,"Cohen-Riley",121
311,"Rodgers-Young",9
312,"Jacobson, Stone and Gonzalez",85
313,"Salazar-Hatfield",33
314,"Jones-Martinez",170
315,"Reeves-Thomas",198
316,"Knight Inc",74
317,"Schwartz-Jimenez",98
318,"Wallace, Craig and Mendoza",163
319,"Hardy LLC",84
320,"Oconnell-Ward",147
321,"King LLC",171
322,"Jordan LLC",47
323,"Ritter-Nelson",172
324,"Sellers, Wright and Hammond",185
325,"Mitchell-Davis",40
326,"Combs Group",81
327,"Castaneda PLC",79
328,"Chase-James",54
329,"Lopez Inc",143
330,"Rodriguez PLC",116
331,"Butler Group",134
332,"Bell-Grant",170
333,"Graham-Vaughn",135
334,"Hill, Cummings and Melton",170
335,"Ramirez-Vasquez",125
336,"Johnson-Andrews",169
337,"Stokes Ltd",150
338,"Mcdonald Inc",29
339,"Bell, Lane and Zuniga",170
340,"Glass-Owen",185
341,"Price Group",97
342,"Moran, Cisneros and Cruz",103
343,"Smith-Kent",50
344,"Beck-Rodgers",119
345,"Miller-Cordova",59
346,"Adams Ltd",197
347,"Fuentes LLC",6
348,"Medina-Gutierrez",26
349,"Werner PLC",114
350,"Singh, Leach and Alexander",125
351,"Knight-Lee",136
352,"Thomas-Burton",58
353,"Foley LLC",51
354,"Dyer Inc",65
355,"Myers Ltd",189
356,"Riley, Macdonald and Mitchell",182
357,"Reed PLC",87
358,"Robbins, Oliver and Marshall",195
359,"Cooper Ltd",114
360,"Singh Ltd",173
361,"Davis, Johnson and Cruz",136
362,"Mcpherson-Evans",142
363,"Miller, Brooks and Mcmahon",15
364,"Clayton, Bell and Navarro",20
365,"Keith-Chang",93
366,"May-Richardson",46
367,"Mccoy-Brock",31
368,"Baker and Sons",36
369,"Garcia and Sons",152
370,"Hernandez, Smith and Moyer",178
371,"Vargas LLC",28
372,"Dominguez, Patel and Buck",137
373,"Gutierrez PLC",28
374,"Sullivan Group",50
375,"Brown-Phillips",67
376,"Bowen-Mcgee",17
377,"Ewing PLC",106
378,"Newton, Franco and Huber",169
379,"Orr-Esparza",45
380,"Moses-Kirk",74
381,"Ramos-Scott",47
382,"Torres LLC",123
383,"Rush, Williams and Walton",182
384,"Crawford-Johnson",136
385,"Stephens LLC",190
386,"Clark-Shea",72
387,"Taylor and Sons",200
388,"Duarte-Roberson",36
389,"Ross LLC",131
390,"Mcfarland, Mendez and Cordova",46
391,"Fuller, Kelly and Chavez",21
392,"Bailey and Sons",185
393,"Vincent-Ellis",177
394,"Stewart, Clark and Edwards",26
395,"Campbell, Koch and Jones",145
396,"Holmes, Brown and Lucero",69
397,"Moore, Vargas and Lewis",100
398,"Weeks, Simpson and French",109
399,"Cooper, Flores and Bailey",146
400,"Smith, Richardson and Mayer",92
401,"Brown-Hogan",128
402,"Perez, Holmes and Garcia",105
403,"Smith, Levy and Miller",55
404,"Gibbs-Hubbard",82
405,"Benson PLC",41
406,"Gonzalez Inc",34
407,"Martinez, Garcia and Shaw",63
408,"Smith-Haynes",132
409,"Nixon-Ingram",63
410,"Ayers-Bradley",99
411,"Rodriguez Ltd",164
412,"Wiley-Lee",167
413,"Pruitt, Pena and Miller",117
414,"Whitehead, Joseph and Miller",12
415,"Reynolds and Sons",156
416,"Newton Ltd",151
417,"Tran, Williamson and Glover",26
418,"Cantrell Ltd",55
419,"Gonzalez Group",27
420,"Miller-Pearson",8
421,"Perez-Guzman",154
422,"Flores, Vazquez and Morris",38
423,"Mcintosh, Lewis and Frey",22
424,"Ortega-Carr",84
425,"Barr-Alexander",75
426,"Wilson-Schaefer",99
427,"Simon, Powers and Larson",45
428,"Fitzgerald, Moore and Rojas",89
429,"Brown-Kelley",47
430,"Elliott, Vasquez and Hill",100
431,"Duarte-Adams",56
432,"Jones-Harper",74
433,"Mcdaniel, Clark and Brown",73
434,"Smith, Knox and Donaldson",115
435,"Mendoza, Davis and Ramsey",115
436,"Miller Ltd",25
437,"Montgomery, Jackson and Smith",125
438,"Ayala and Sons",174
439,"Burton, Pennington and Rodriguez",182
440,"Cameron, Johnson and Cole",10
441,"Donovan, Stone and Carlson",107
442,"Miles-Rogers",25
443,"Stevens and Sons",107
444,"Brown, Miller and Johnson",35
445,"Hodges Inc",174
446,"Smith, Whitney and Francis",165
447,"Singleton, Hughes and Hall",179
448,"Carey-Walker",20
449,"Morse, Jones and Lucero",47
450,"Smith-Johnson",11
451,"Butler LLC",11
452,"Campbell, Bailey and Graham",50
453,"Williams, Gutierrez and Sheppard",146
454,"Fisher PLC",178
455,"Carroll-Gray",121
456,"Walker Inc",49
457,"Maxwell, Gardner and Watson",176
458,"Hernandez, Barrett and Aguilar",129
459,"Smith, Rodgers and Thomas",48
460,"Clayton PLC",58
461,"Mitchell and Sons",148
462,"Bowman-Rollins",154
463,"Young LLC",192
464,"Long LLC",117
465,"Moore, Munoz and Mays",44
466,"Ward, Parker and Parrish",106
467,"Lowe, Bradley and Harding",104
468,"West, Brown and Ball",136
469,"Turner Group",199
470,"Anderson-Calderon",113
471,"Doyle-White",77
472,"Stevens Inc",162
473,"Martinez-Thomas",57
474,"Brown LLC",10
475,"Hanson PLC",146
476,"Hardy-Hill",48
477,"Robertson-Myers",130
478,"Palmer-Conrad",10
479,"Wilson, Sanchez and King",175
480,"Schmidt-Walker",198
481,"Clayton-Mckay",123
482,"Johnson-Hayes",170
483,"Wiley, Swanson and Valentine",45
484,"Rivas Inc",127
485,"Hahn-Bryant",28
486,"Rodriguez-Garcia",51
487,"Holland-Cummings",195
488,"Dyer, Baker and Perez",156
489,"Pittman Ltd",21
490,"Pierce, Serrano and Mullen",14
491,"Benson-Dawson",157
492,"Smith PLC",46
493,"Robinson, Riley and Lawrence",97
494,"Baker LLC",195
495,"Kennedy, Riley and Fernandez",58
496,"Williams-Dickerson",36
497,"Reed-Wells",188
498,"Ramirez Group",88
499,"Buckley, Garcia and Williams",137
500,"Hernandez Group",179
501,"Campbell, Brown and White",113
502,"Mitchell-Osborn",162
503,"Johnson, Johnson and Thompson",42
504,"Lin Ltd",113
505,"Shaffer LLC",98
506,"Bruce-Sanders",12
507,"Johnson, Drake and Foley",172
508,"Lowe LLC",148
509,"Richards, Walsh and Baker",103
510,"Freeman-Graham",69
511,"Hudson-Knight",156
512,"Burns, Bennett and Blevins",172
513,"Chapman, Griffin and Williams",188
514,"Stanton Ltd",96
515,"Lozano-Krause",25
516,"Perkins PLC",40
517,"Harmon Inc",130
518,"Santana and Sons",95
519,"Bryant LLC",70
520,"Chandler PLC",7
521,"Gonzalez-Reid",18
522,"James-Alvarez",193
523,"Quinn and Sons",32
524,"Norman, Johns and Miller",69
525,"Estrada-Martinez",163
526,"Shaffer-Munoz",12
527,"Murray LLC",16
528,"Gardner-Collins",115
529,"Martin-Cooper",78
530,"Rivera-Jennings",117
531,"Garcia-Meyer",100
532,"Harper, Ibarra and Fowler",95
533,"Campbell, Johnson and Sims",160
534,"Moore Group",113
535,"Price LLC",67
536,"Phillips-Daniel",145
537,"Quinn Inc",94
538,"Saunders, Rodriguez and Goodwin",113
539,"Hammond, Miller and Kim",142
540,"Barrett-Hill",8
541,"Moore LLC",29
542,"Rodriguez Inc",155
543,"Hernandez Inc",112
544,"Gonzales PLC",153
545,"Hale Group",141
546,"Kennedy Inc",5
547,"Young, Garcia and Owens",41
548,"Clark-Lee",115
549,"Wilson, Gallegos and Walker",119
550,"Heath Inc",58
551,"Rodgers, Cline and Martinez",17
552,"Reynolds, Rodriguez and Cox",20
553,"Thompson LLC",190
554,"Holland-Fischer",60
555,"Anderson and Sons",193
556,"Anderson and Sons",188
557,"Carlson, King and Cook",46
558,"Romero-Miller",65
559,"Hoffman LLC",126
560,"Cortez Inc",115
561,"Silva PLC",55
562,"Perez LLC",162
563,"Casey Inc",139
564,"Martinez-Wilson",179
565,"Wells-Cannon",192
566,"Powell PLC",57
567,"Jones Inc",18
568,"Peterson Group",9
569,"Atkinson-Tran",185
570,"Mcneil-Lee",134
571,"David-Adams",177
572,"Ward PLC",129
573,"Bowman-Mendoza",31
574,"Trevino, Dean and Espinoza",77
575,"Levine LLC",187
576,"Daniel, Hicks and Pugh",9
577,"Sullivan, Cook and Henson",74
578,"Lee and Sons",119
579,"Le, Ellis and Brown",154
580,"Jordan Group",54
581,"Clark Group",69
582,"Roberts and Sons",102
583,"Roberts-Parker",66
584,"Garza, Horton and Davis",185
585,"Martin-Burton",47
586,"Rodriguez-James",91
587,"Garcia, Bell and Lang",108
588,"Andrews LLC",113
589,"Manning, Robinson and Fields",8
590,"Pope Inc",57
591,"Mccormick, Ibarra and Shepherd",196
592,"Bullock-Rich",197
593,"Dean Group",61
594,"Jones Group",130
595,"Nguyen, Long and Torres",94
596,"Simmons, Thomas and Taylor",61
597,"Zhang LLC",27
598,"Simpson, Anderson and Padilla",63
599,"Bowman, Alvarez and Garcia",85
600,"Solis PLC",23
601,"Taylor, Carey and Diaz",105
602,"Acosta-Johnson",192
603,"Mahoney-Sanchez",122
604,"Terry PLC",189
605,"Rice, Hart and Abbott",91
606,"Andersen-Nguyen",37
607,"White, Carroll and Fields",162
608,"Wilson, Coffey and Wright",66
609,"Carrillo-Blankenship",184
610,"Griffin, Mitchell and Fuller",100
611,"Duncan, Castillo and Roberts",197
612,"Diaz, Stewart and Hayes",25
613,"Gomez PLC",125
614,"Smith and Sons",45
615,"Beltran Ltd",104
616,"Mccormick LLC",198
617,"Beck, Johnson and Giles",33
618,"Skinner, Knapp and Zavala",157
619,"Williams Group",20
620,"Bowman-Taylor",102
621,"West, Mcdaniel and Simpson",106
622,"Jacobs LLC",60
623,"Stephenson-Jennings",146
624,"Moore-Prince",94
625,"James, Berry and Thompson",175
626,"Castillo, Lawson and Hall",142
627,"Thompson, Scott and Kennedy",14
628,"Cruz, Bell and Frederick",158
629,"Pham-Reyes",109
630,"Moore, Williams and Daniels",88
631,"Mcgrath-Flores",185
632,"Sims-Ingram",136
633,"Thomas and Sons",169
634,"Rich Group",42
635,"Green PLC",128
636,"Donaldson-Lam",12
637,"Harrison, Stone and Moore",176
638,"Ortega, Jackson and Thomas",114
639,"Adams, Holt and Austin",186
640,"Roberts-Richardson",60
641,"Moss-Figueroa",7
642,"Baker, Wright and Adams",113
643,"Cole, Martin and Webster",108
644,"Brown-Foster",8
645,"Benson LLC",120
646,"Jackson, Richardson and Flores",116
647,"Bennett LLC",43
648,"Zuniga Inc",104
649,"Rice-Powers",103
650,"Graham, Wright and Coleman",139
651,"Mcfarland-Watkins",118
652,"Hernandez Ltd",61
653,"Medina, Carter and Schwartz",46
654,"Farmer, Crawford and Orr",199
655,"Roberts, Mckinney and Garcia",75
656,"Schroeder and Sons",18
657,"Nelson and Sons",181
658,"Stark and Sons",161
659,"Ray-Lee",96
660,"Miller and Sons",15
661,"Perez LLC",117
662,"Reyes LLC",81
663,"Hernandez Inc",36
664,"Harris, Clark and Miller",137
665,"Wilson, Hill and Garcia",16
666,"Webb Ltd",69
667,"Crawford Group",43
668,"Wilson-Gomez",190
669,"Franklin, Roberts and Rogers",96
670,"Green, Cantrell and Montoya",43
671,"Thompson, Reed and Roberts",198
672,"Odonnell and Sons",128
673,"Murphy Group",27
674,"Johnson Group",61
675,"Sanders Ltd",58
676,"White-Walker",28
677,"Burke Group",36
678,"Cole, Simmons and Bond",154
679,"Brown, Henderson and Reed",78
680,"Simmons-Lewis",55
681,"Scott-Neal",74
682,"Clark, Adams and West",35
683,"Crawford-Peters",179
684,"Johnson Ltd",6
685,"Baird, Richards and Little",65
686,"Cuevas LLC",90
687,"Bennett, Davis and Wilson",150
688,"Turner Group",48
689,"Ashley-Bennett",112
690,"Santana, Gould and Lloyd",140
691,"Ponce-Wallace",67
692,"Roth Group",176
693,"Tapia Ltd",184
694,"West Inc",14
695,"Liu, Castro and Smith",194
696,"Hanna-Silva",31
697,"Gibson, Adams and Davis",101
698,"Davis-Jones",158
699,"Johnson, West and Mejia",36
700,"Beard, Johnson and Burns",68
701,"Murphy PLC",173
702,"Simon Ltd",76
703,"Hardy and Sons",99
704,"Lewis-Watson",51
705,"Lester Group",175
706,"Little, Anderson and Dominguez",161
707,"Flores Ltd",196
708,"Miller-Keller",15
709,"Smith-Glass",64
710,"Phillips Group",53
711,"Mendoza-Fox",199
712,"Martin, Hudson and Carter",73
713,"Cameron Ltd",166
714,"Davis-Li",188
715,"Silva PLC",189
716,"Davies, Mcdaniel and Moreno",115
717,"Myers, Waters and Martin",74
718,"Nguyen-Davidson",121
719,"Harris-Butler",136
720,"Ortega PLC",151
721,"Andrews, Taylor and Burch",152
722,"Lewis, Rogers and Ferrell",78
723,"Adams-Figueroa",59
724,"Jones-Jefferson",38
725,"Shah, Crawford and Houston",177
726,"Wolf, Thompson and Chen",29
727,"Harmon Inc",171
728,"Kennedy Ltd",154
729,"Sparks, Castillo and Rhodes",131
730,"Lee and Sons",136
731,"Robertson, Proctor and Price",188
732,"Santos-Hawkins",150
733,"Watson PLC",134
734,"Johnson-Kramer",68
735,"Martin, Powell and Brennan",169
736,"Williams Ltd",70
737,"Scott, Brock and Myers",17
738,"Schmitt, Collins and White",144
739,"Gordon-Jones",84
740,"Ward, Johnson and Erickson",136
741,"Rodriguez, Tucker and Ramirez",97
742,"King, Gonzalez and Reed",123
743,"Snyder-Hayes",61
744,"Orr-Morgan",71
745,"Robinson-Mccall",9
746,"Griffin PLC",38
747,"Jones Ltd",200
748,"Hunt-White",127
749,"Chavez PLC",199
750,"Owens-Villanueva",109
751,"Roberts, Curtis and Ayala",136
752,"Leach-Kelley",105
753,"Williams Ltd",186
754,"Hernandez-Blankenship",33
755,"Peck-Herman",33
756,"Patton, Ortiz and Walton",126
757,"Gibbs, Hicks and King",149
758,"Payne, Jones and Bailey",178
759,"Harding-Guzman",45
760,"Brown Inc",109
761,"Stevenson, Huynh and Freeman",37
762,"Hood and Sons",11
763,"Roberts-Jones",195
764,"Moore-Dean",172
765,"Fleming, House and Miller",173
766,"Burnett-Ortiz",30
767,"Young Group",126
768,"Potts Group",132
769,"Griffin Inc",14
770,"Silva, Harris and Nash",140
771,"Miles, Bennett and George",188
772,"Smith-Cox",169
773,"Washington, Wolf and Jackson",120
774,"Johnson, Green and Newman",151
775,"Martinez-Rodriguez",181
776,"Munoz LLC",140
777,"Johnson, Cook and Martinez",110
778,"Santana, Murray and Lawson",123
779,"Allen-Jackson",166
780,"Thomas-Carson",28
781,"Pittman-Andersen",181
782,"West-Garcia",187
783,"Lane LLC",36
784,"Gordon Inc",57
785,"Moore LLC",67
786,"Roberson, Whitaker and Ford",194
787,"Smith Ltd",134
788,"Dunn, Henderson and Harris",51
789,"Miller Group",122
790,"West LLC",27
791,"Abbott and Sons",93
792,"Goodwin, Chase and Love",106
793,"Hodge-Phillips",83
794,"Jones and Sons",25
795,"Mitchell PLC",150
796,"Moore Inc",80
797,"Combs, Alexander and Coleman",87
798,"Gonzalez and Sons",38
799,"Craig-Cline",142
800,"Barron-Freeman",153
801,"Rivas, Spence and Guerra",144
802,"Mccall-Jackson",118
803,"Lopez-Wilson",181
804,"Osborn, Patrick and Jordan",94
805,"Oneill and Sons",127
806,"Johnson Group",165
807,"Brown-Lee",86
808,"Scott PLC",70
809,"Sosa, Little and Johnson",182
810,"Rivas-Fisher",83
811,"Parker-Henry",186
812,"Tanner, Wilkerson and Jimenez",65
813,"Dougherty, Weber and Preston",66
814,"Figueroa-Bond",196
815,"Calhoun LLC",149
816,"Clayton, Butler and Cruz",53
817,"Smith-Hart",38
818,"Cline, Mckay and Jones",167
819,"Cochran LLC",106
820,"Jordan-Martinez",19
821,"Wilkerson-Brown",132
822,"Miller, Johnson and Miller",131
823,"Ruiz Group",28
824,"Brown and Sons",98
825,"Thompson-Werner",56
826,"Lawson Ltd",147
827,"Jones, Ortiz and Anderson",128
828,"Padilla-Li",38
829,"Keller-Petty",102
830,"Mendoza-Dodson",187
831,"Jones-Evans",86
832,"Johns, King and Alexander",87
833,"Ferguson-Scott",15
834,"Hill-Ray",118
835,"Jackson LLC",55
836,"Flores, Rogers and Robinson",71
837,"Curtis PLC",117
838,"Martinez, Lee and Vincent",53
839,"Jensen, White and Jones",143
840,"Mckinney and Sons",106
841,"Valencia PLC",140
842,"Mendez Group",109
843,"White-Clayton",198
844,"Sandoval-Jones",187
845,"Thompson Inc",71
846,"Davila, Farmer and Thompson",82
847,"Harvey PLC",194
848,"Wallace-Meyer",154
849,"Reynolds, Sosa and Franklin",147
850,"Lee-Howell",9
851,"Perez-Thompson",131
852,"Carroll Inc",135
853,"Rhodes, Davis and Neal",37
854,"Brown, Hernandez and Williams",157
855,"Freeman, Watson and Perez",198
856,"Espinoza-Mann",115
857,"Mcdonald-Torres",63
858,"Jimenez, Hinton and Wyatt",152
859,"Clarke LLC",5
860,"Berry-Johnson",96
861,"Munoz-Cantrell",109
862,"Hess-Matthews",58
863,"Ford-Jackson",7
864,"Ramirez LLC",196
865,"Santos, Wallace and Nguyen",12
866,"Brown, Hernandez and Hunt",101
867,"Moran, Henry and Turner",34
868,"Yu, Ryan and Curry",9
869,"Holmes Group",174
870,"Mcneil Ltd",181
871,"Harris Group",190
872,"Hernandez-Brown",164
873,"Carter, Nelson and Greer",93
874,"Riley, Patrick and Kim",87
875,"Casey-Anderson",138
876,"Simpson Group",96
877,"Wall Ltd",138
878,"Parker-Bailey",20
879,"Reed Group",173
880,"Le and Sons",92
881,"White and Sons",99
882,"Lee, Novak and Thomas",34
883,"Phillips, Olsen and Ward",173
884,"Thompson-Morris",32
885,"Thompson Group",11
886,"Anderson and Sons",197
887,"James Ltd",24
888,"Sanchez-Wang",183
889,"Parker, Gray and Cruz",120
890,"Smith, Weiss and Taylor",85
891,"Thomas PLC",33
892,"Perry, Hicks and Oconnell",50
893,"Bennett, Cross and Smith",191
894,"Harris, Hall and Hernandez",193
895,"Garcia, Gregory and Johnston",157
896,"Young Group",43
897,"Lutz LLC",147
898,"Houston-Rosario",51
899,"Hernandez Group",150
900,"Simmons and Sons",116
901,"Dalton Inc",126
902,"Morton and Sons",46
903,"Meyer and Sons",92
904,"Wells and Sons",56
905,"Grant, Smith and Harrison",44
906,"Mckay LLC",71
907,"Long, Barnes and Thomas",99
908,"Brown, Johnson and Cummings",94
909,"Guerrero, Pope and Waters",166
910,"Gregory LLC",98
911,"Perry Inc",45
912,"Clay-Rice",195
913,"Hernandez-Reeves",58
914,"Garcia LLC",46
915,"Dixon, Wilson and Golden",149
916,"Sullivan-Novak",48
917,"Clark, Cox and Mata",161
918,"Todd, Guerrero and Hill",183
919,"Hall, Martin and Ferguson",38
920,"Solomon-Gallagher",64
921,"Wilson Group",114
922,"Christian-Beard",98
923,"Goodman-Ward",16
924,"Wood, Jackson and Miller",140
925,"Andrews, Arnold and Cooper",138
926,"Moses LLC",190
927,"Mcintyre Ltd",55
928,"Duffy LLC",178
929,"Buckley-Beck",16
930,"Ramirez, Nicholson and Riley",124
931,"Hoover PLC",188
932,"Acosta Group",10
933,"Williams-Fowler",64
934,"Collins, Fox and Green",126
935,"Bender-Davis",179
936,"Wilson-Brown",6
937,"Jacobs, Phillips and Lee",178
938,"Garcia-Garza",194
939,"Patterson, Fry and Woods",73
940,"Walter and Sons",13
941,"Lambert, Brady and Hammond",146
942,"Jimenez LLC",89
943,"Evans, Thornton and Cooper",6
944,"Hopkins Ltd",21
945,"Newman-Andersen",34
946,"Gonzalez, Berry and Lewis",11
947,"Williams, Jackson and Mason",147
948,"Wise, Morgan and Martin",160
949,"Wright, Reid and Lopez",49
950,"Bell, Wheeler and Ross",128
951,"Mann, Duffy and Allen",7
952,"Sawyer, Leonard and Weiss",51
953,"Durham, Price and Hernandez",73
954,"Whitney, Olsen and Munoz",182
955,"Davis, Klein and Nunez",71
956,"Gregory-Lamb",37
957,"King-Schultz",123
958,"Watts, Brown and Kim",93
959,"Joseph PLC",120
960,"Jones, Jimenez and Newton",102
961,"Leon-Evans",26
962,"Melendez-Duarte",57
963,"Cook Group",129
964,"Moore, Davis and Williams",163
965,"Hayes Inc",147
966,"Heath, Thornton and Callahan",128
967,"Krueger Ltd",184
968,"Peterson PLC",88
969,"Holloway, Brown and Jenkins",169
970,"Gillespie-Rodgers",163
971,"Nguyen-Roberts",121
972,"Castillo-Haney",36
973,"Potts, Ruiz and Price",30
974,"Juarez, Mccall and Reeves",110
975,"Medina Inc",169
976,"Kirk Inc",102
977,"Martin, Wade and Anthony",144
978,"Ponce, Watts and Sanders",198
979,"Webster-Reed",122
980,"Cox Group",148
981,"Martinez, Tate and Flowers",165
982,"Jones-Proctor",163
983,"Alvarez, Saunders and Garcia",8
984,"Barrera, Hancock and Riddle",9
985,"Wade Inc",81
986,"Craig, Mills and West",123
987,"Hayes-Mccoy",172
988,"Knapp-Yoder",179
989,"Grimes-Richardson",39
990,"Lewis, Williamson and Young",16
991,"Lawrence-Levy",169
992,"Davis and Sons",87
993,"Brock, Burns and Oliver",57
994,"Zhang-Garrison",7
995,"Floyd Ltd",11
996,"Johnston Group",122
997,"Richardson-Benton",99
998,"Butler-Lee",17
999,"Long-Johnson",27
1000,"Bird Inc",29
