1,Amber,Norris,264934040
2,Brenda,Hall,204964868
3,Bryan,Cunningham,526729125
4,Sara,Hines,749822217
5,Timothy,Martin,588843948
6,April,Schmidt,732459460
7,Wendy,King,593198433
8,Wendy,Sexton,826454360
9,Kyle,Herrera,157343500
10,Patricia,Johnson,593749509
11,Douglas,Ruiz,844009301
12,Lisa,Turner,473116428
13,Justin,Peters,136414278
14,Larry,Perry,447943462
15,Valerie,Bailey,385882406
16,Isaac,Henderson,810152021
17,Ashley,Solis,585085975
18,Angela,Kelly,930291258
19,Sarah,Kerr,505377212
20,Kristen,Allen,903057863
21,Michael,Brown,209131408
22,Monica,Brooks,436203375
23,Steven,Jones,470678648
24,Alex,Davis,200915273
25,Nathan,Christensen,981845152
26,Tom,Green,232286205
27,James,Gomez,864031877
28,George,Jones,287496568
29,Kristin,Lawson,684228460
30,Craig,Everett,433981680
31,Connor,Wilkinson,227969150
32,Mary,Perez,476984075
33,Scott,Lynch,936575238
34,Sharon,Hoffman,703808870
35,Kristin,Smith,145091810
36,Donna,Brown,676395136
37,Melissa,Medina,980505946
38,Steven,Crawford,683810933
39,Zachary,Johnson,662862038
40,Miguel,Wilson,709942777
41,Sharon,Perez,537699348
42,Kara,Lowery,277079523
43,Mark,Rodriguez,634133972
44,Gina,Waller,217481041
45,Philip,Reyes,139769784
46,Amy,Roberts,171627578
47,Alicia,Murphy,783830659
48,Melanie,Allen,160411774
49,Charles,Buckley,648451400
50,Jane,Jackson,646917839
51,John,Rowe,605654424
52,Douglas,Hunt,434365502
53,Kathleen,Moyer,473046342
54,Ricardo,Mendez,228546124
55,Robert,Lopez,206865921
56,Jennifer,Hansen,737452828
57,Jesse,Wagner,955035826
58,Alexa,Davis,421475557
59,Elijah,Wilson,709745288
60,Laura,Johnson,368729278
61,Lindsay,Martin,679149590
62,William,Kelley,338046468
63,Daniel,Warren,454640000
64,Michael,Turner,256606165
65,Jerry,Bell,496705878
66,Debra,Lopez,475655447
67,Teresa,Reed,907213198
68,David,Smith,105839003
69,Brittney,Watkins,906788203
70,Julia,Page,615889004
71,Amy,Yang,100003924
72,Patricia,Carey,141886220
73,Linda,Hubbard,951740055
74,Hannah,Harris,956555187
75,Joseph,Barr,377794149
76,Thomas,Suarez,860013321
77,Nina,Harris,755054105
78,Brian,King,175051545
79,Suzanne,Mcmillan,165224176
80,Andrew,Tran,319998156
81,Laura,Smith,317246176
82,Michael,Edwards,343217183
83,Mary,Johnson,981517428
84,Madison,Smith,778114319
85,Andrew,Schmidt,889000857
86,Cody,Williams,248269900
87,Lisa,Diaz,160009628
88,Jill,Harvey,105867748
89,Roberto,Salazar,158372120
90,Justin,Martinez,346781731
91,Anthony,Clark,496877332
92,Christina,Brown,100373801
93,Courtney,Torres,442088621
94,Michael,Carter,844243383
95,Jessica,Hernandez,648005600
96,Stephanie,Barrera,494203505
97,Candice,Barrett,232364970
98,Michael,Gonzalez,529156387
99,Jacob,Davis,534119806
100,Jeffrey,Marshall,189707086
101,Carmen,Dean,508774084
102,Diane,Whitney,857535585
103,Robin,Sanchez,959223085
104,Lori,Moody,212976338
105,Karen,Cantu,277342504
106,Frank,Smith,609405891
107,Christina,Bailey,541131933
108,Scott,Schneider,963266279
109,Larry,Russo,999191944
110,Christopher,Wright,970114445
111,Ann,Sullivan,948955750
112,David,Deleon,389079200
113,Jacqueline,Lara,984338883
114,Jo,Harris,406650337
115,Jessica,Barron,102459382
116,John,Mercer,282616262
117,Veronica,Little,711683561
118,Steve,Johns,631859180
119,Andrew,Austin,112411337
120,Antonio,Rich,273505420
121,Collin,Craig,327199544
122,Rachel,Johnson,652872865
123,Joseph,Massey,293897557
124,Scott,Alvarado,285718307
125,Paul,Moore,688020451
126,Erika,Wood,662149768
127,Jordan,Marshall,972832811
128,Mark,Boyer,571890591
129,Danielle,White,860025580
130,Brandon,Anderson,807068816
131,Zachary,Hayes,815672797
132,Jackson,Baxter,261344360
133,Juan,Brady,885685036
134,Travis,Cook,517382736
135,Hailey,Rosario,832620955
136,Lee,Duncan,899619904
137,Lawrence,Smith,797699321
138,Brian,Reese,148011821
139,Jeffery,Oneal,412779775
140,Valerie,Franklin,352558534
141,Elizabeth,Miller,911900444
142,Kimberly,Lopez,457750717
143,Matthew,Anderson,971370159
144,Kimberly,Rojas,594902664
145,Jill,Taylor,383033198
146,Susan,Schwartz,230800796
147,James,Harris,395697767
148,Rebekah,Martinez,366449739
149,Darrell,Meyer,710002514
150,Lynn,Horn,352106640
151,Benjamin,Kirk,821635374
152,Christopher,Anderson,322162642
153,Richard,Gonzalez,451572949
154,Keith,Smith,389863106
155,Crystal,Adams,712536454
156,Patricia,Williams,911530686
157,Nathan,Hayes,793077529
158,Steven,Evans,515911398
159,Gordon,Brown,252446937
160,Scott,Park,426038584
161,James,Wyatt,184797266
162,David,White,703804109
163,Beth,Jones,606983403
164,Michael,Molina,599365582
165,Sherri,Shaw,287250010
166,Kenneth,Schultz,990510045
167,Andrew,Price,586681220
168,Paul,Clark,900626769
169,Kenneth,Reed,905532302
170,Brittney,Marquez,281869953
171,Lisa,Andrews,381732588
172,Aaron,Smith,702893130
173,Daniel,Davis,480257288
174,Tracy,Walker,129644138
175,Christopher,Young,726260391
176,Jacqueline,Little,965021179
177,Ashley,Moore,668253051
178,Mary,Hess,687874107
179,Zachary,Douglas,534350753
180,Christopher,Beltran,867547876
181,Angela,Salinas,571620040
182,Joshua,Diaz,215567586
183,Jason,Santiago,716660468
184,Tiffany,Dixon,405129985
185,Susan,Stanley,534652853
186,Katelyn,Pena,494398747
187,Robin,Watkins,496934211
188,Steven,Mullen,832962284
189,Lauren,Castillo,387204957
190,Andrew,Wagner,809214158
191,Stephanie,Townsend,802995691
192,Edward,Costa,452976799
193,David,Martinez,430414873
194,Damon,Morton,676430858
195,Mary,Patton,586732293
196,Melanie,Cooper,142089430
197,Leah,Baker,271126841
198,David,Dixon,898259898
199,Timothy,Simon,458167562
200,Margaret,Wade,383745832
201,Christie,Woods,522991038
202,Monica,Sanders,247994178
203,Christopher,Combs,640838295
204,Edward,Thompson,897948468
205,Jade,Hernandez,705134055
206,Kathryn,Wells,819825273
207,Randall,Miller,855692845
208,Stephen,Lopez,653939992
209,Mark,Thompson,454687185
210,Tammy,Boyle,426987239
211,Sara,Atkinson,693726985
212,Joseph,Hayes,691714976
213,Monica,Mckay,950901414
214,Becky,Hernandez,996163363
215,Glenn,Mata,617082965
216,Adam,Ortega,998370666
217,Mark,Jimenez,426821387
218,Angela,Cooper,777973822
219,Sarah,Mooney,229077280
220,Rachel,Lewis,461915027
221,Dennis,Thomas,101138614
222,Claudia,Martin,476371796
223,Luis,Cruz,470837657
224,Sandra,Brooks,901099564
225,Albert,Mcclure,452689690
226,Kristi,Blair,992735674
227,Nicole,Hopkins,179753186
228,Christopher,Smith,918040188
229,Bethany,Warner,171958567
230,Bryce,Griffith,181911593
231,Jessica,Ibarra,360188435
232,Margaret,Scott,845317171
233,Barbara,Schmidt,414749828
234,Alejandro,Ward,846799464
235,Jeremy,Kim,959653085
236,Caleb,Torres,497571710
237,Sharon,Drake,119166625
238,Cathy,Cisneros,542334947
239,Christine,Scott,917386381
240,Angela,Thompson,856352947
241,Kayla,Meyers,631070085
242,Crystal,Thomas,206961628
243,Jeffrey,Castillo,541014267
244,Amanda,Hernandez,766220616
245,Thomas,Ramirez,366662318
246,Andrea,Rodgers,448354004
247,Samantha,Reynolds,882898821
248,Susan,Wright,334069407
249,Travis,Nicholson,469412795
250,Derrick,Wang,713683944
251,Paul,Li,145029074
252,Dana,Moore,920795405
253,Carl,Garza,301203185
254,John,Morales,560491776
255,Donna,Holland,786341762
256,Anthony,Bartlett,460240423
257,Danny,Bishop,419881732
258,James,Brown,886036141
259,Brittany,Camacho,841745689
260,Patrick,Taylor,149557337
261,Renee,Hill,372760528
262,Mitchell,Perkins,735190643
263,William,Cooper,446866468
264,Michael,Anderson,434029959
265,Michael,Hardy,224812911
266,Michael,Valencia,696915341
267,Karen,Wilson,914844933
268,Jeffrey,Padilla,302856688
269,Karen,Hahn,283928946
270,Abigail,Hamilton,488778098
271,Joseph,Watson,539540495
272,Patricia,Williams,116182294
273,Jason,Davis,795142831
274,Stephen,Chapman,485159239
275,Lauren,Jones,786026930
276,Jeff,Patterson,364049984
277,Michael,Taylor,813636763
278,Alexandra,Smith,228092223
279,Jeremy,Tanner,989415469
280,Scott,Hernandez,447414488
281,Matthew,Johnson,595655340
282,Kelly,Campbell,287387376
283,Laura,Hunter,640361281
284,Catherine,Hines,962702468
285,Sandra,Arnold,512848777
286,Lisa,Morrison,192989547
287,Sherri,Smith,957237732
288,Mark,Acosta,859245872
289,Karen,Miller,842341089
290,Steven,Davidson,747914863
291,Christopher,Rodriguez,256094726
292,Isaiah,Shelton,869136156
293,Lindsey,Chan,273745740
294,Lisa,Garcia,431299161
295,Christopher,Hall,320875059
296,Dylan,Kirk,188145575
297,Leslie,Hughes,222365553
298,Tara,Harrell,768168864
299,Marie,Shaw,290427272
300,Nicholas,Drake,235485675
301,Brandon,Hernandez,754695367
302,Jeremy,Randolph,424850384
303,Bradley,Hayes,689559822
304,Wayne,Vasquez,963365372
305,David,Meyer,512953635
306,Jacqueline,Lee,895628177
307,Kenneth,Williams,912748842
308,Catherine,Martinez,131492327
309,Jose,Turner,506792803
310,David,Thompson,920178366
311,Christopher,Luna,811572213
312,Karen,Miller,262476436
313,James,Greene,871139546
314,Michael,Ray,831774857
315,Jesse,Patterson,998375968
316,Shawn,Blair,920266954
317,Peter,Schwartz,205458363
318,Kim,Gomez,855570242
319,Denise,Mack,251951760
320,Jennifer,Burton,404059387
321,Gary,Washington,576836921
322,Frederick,Phillips,274188372
323,Deborah,Hill,700941417
324,Jennifer,Miller,403323262
325,Benjamin,Parker,762303090
326,Jennifer,Cobb,191718680
327,Pamela,Barnett,357790842
328,John,Lopez,443796573
329,Logan,Craig,642609481
330,Linda,West,985237158
331,Emma,Davis,387697038
332,Mark,Reynolds,797653864
333,Matthew,Kelly,861489976
334,Lisa,Green,718960461
335,Robert,Watson,216732996
336,Kathy,Williams,111368297
337,Kimberly,Fritz,573905173
338,Jaime,Potts,205977563
339,Gary,Hood,452081981
340,Lisa,Evans,475347290
341,Amber,Walker,590487772
342,Micheal,Hinton,989439234
343,Ronald,Mcdonald,534216193
344,Jerry,Walker,107210319
345,Stacy,Fitzgerald,909114118
346,Nicholas,Summers,341877476
347,Justin,Silva,856534720
348,Laura,Perry,675742478
349,Felicia,Walters,713565129
350,Thomas,Warner,184438846
351,April,Knapp,138256397
352,Wanda,Dorsey,522977529
353,Amber,Rowe,845462863
354,Wendy,Davis,700134499
355,Ricky,Bell,610219274
356,Tammy,Rodriguez,728180888
357,Anne,Martinez,322050400
358,Andrea,Moore,859231915
359,Courtney,Lambert,560207366
360,Bethany,Holland,638180447
361,Gregory,Hayden,201048626
362,Sean,Bender,855620626
363,Alan,Romero,895182428
364,Theresa,Small,218984606
365,Christine,Martin,209432888
366,Billy,Branch,429999725
367,Janice,Kelly,701120284
368,Susan,Wallace,523902687
369,George,King,150236473
370,Linda,Morgan,717703653
371,Robin,Stephens,181056659
372,Carolyn,Barnes,925349039
373,Benjamin,Harmon,195354848
374,Randall,Deleon,315606149
375,Emily,Kane,757353075
376,Larry,Sanchez,108759756
377,James,Scott,771083307
378,Alejandro,Phillips,891188608
379,Mathew,Logan,168991723
380,Lisa,Miller,579779905
381,Megan,Macias,206676334
382,Adam,Johnson,971613452
383,Kevin,Curtis,847464734
384,Tony,Peterson,575318269
385,Kimberly,Davis,620854104
386,Lisa,Guerrero,292268016
387,Jesse,Snyder,670361475
388,Malik,Brown,910746308
389,Emily,Hunt,431129776
390,Tammy,Hill,850940640
391,Sean,Miller,315013471
392,Tracy,Smith,354630246
393,Diane,Li,360136407
394,Zachary,Munoz,515385047
395,Rebecca,Garcia,688568075
396,Jorge,Garner,447171145
397,Megan,Peterson,652004548
398,Tracy,Osborne,921482598
399,Gina,Gilbert,466179347
400,Samuel,Malone,577618126
401,John,Andersen,532938944
402,Thomas,Hickman,695391952
403,Dean,Smith,244448583
404,Morgan,Montoya,299998286
405,Carol,Howard,375018818
406,Billy,Brown,768592920
407,Jennifer,Vaughn,590076832
408,Joseph,Vazquez,354634001
409,Christopher,Collins,500880224
410,Jacqueline,Ali,699784167
411,Cassidy,Torres,568277983
412,Victor,Garcia,692658077
413,David,Harris,710774607
414,Eric,Johns,644087512
415,Janet,Becker,854589388
416,Dennis,Estes,229648616
417,Brianna,Webb,687304087
418,Juan,Hill,968115694
419,Jennifer,Williams,415672548
420,Mitchell,Russell,125025487
421,Linda,Thompson,313757079
422,Amanda,Powell,265975635
423,James,Harris,555491099
424,Ann,Mathis,317907017
425,Melissa,Ross,762436932
426,Carol,Coleman,551461634
427,Travis,Morgan,461505795
428,Samuel,Hernandez,709477138
429,Michael,Carey,930997867
430,Jeffery,Lopez,155070912
431,Ellen,Mason,687972833
432,Shelia,King,447240591
433,Charles,Young,231382787
434,Julia,Ayala,143491098
435,Timothy,Cole,248436182
436,Rachel,Thomas,308916001
437,Anthony,Jones,248151171
438,Amber,Torres,288972503
439,Teresa,Brown,887118431
440,Shelly,Baker,934418668
441,Douglas,Santana,209712363
442,Nicole,Moore,839763873
443,Richard,Hobbs,457004223
444,Kyle,Williams,691044862
445,Harry,Smith,194093478
446,Savannah,Taylor,879155312
447,Joseph,Griffin,838346804
448,Gary,Anderson,448247078
449,Megan,Williams,345963958
450,Cody,Suarez,308516267
451,William,Bryant,690164919
452,Charles,Ruiz,649191206
453,Laura,Hernandez,828020006
454,Lori,Singh,464448795
455,Melanie,Cabrera,449177843
456,James,Osborne,119428064
457,Sergio,Reyes,707352350
458,Mathew,Smith,736491258
459,Anthony,Davis,970166731
460,Christopher,Wilcox,775432580
461,Christine,Gill,616733541
462,Gary,Dean,607430738
463,Amanda,Buck,978651280
464,Tammy,Osborn,652153831
465,Keith,Nunez,804407180
466,Mark,Johnson,939916163
467,Derek,Moore,764370133
468,Melissa,Guerrero,716570634
469,Phillip,Gilbert,602649879
470,Jerry,Kline,108666895
471,Rebekah,Davis,908108160
472,Jose,Carson,160804099
473,Samuel,Strong,956264791
474,Bryan,Harris,166301570
475,Anthony,Harrison,731573885
476,James,King,519924972
477,Lisa,Miller,740083091
478,Kaylee,Martinez,955505035
479,Nicholas,Cantrell,663132989
480,George,Ortiz,569610845
481,Michelle,Fry,205013126
482,Hayden,Spears,587550879
483,Cindy,Suarez,791313795
484,Ann,Guerrero,714204884
485,Timothy,Deleon,251804775
486,Gina,Sosa,796662470
487,Jonathan,Waller,239756135
488,Jessica,Flores,665938415
489,Christopher,Smith,430155307
490,Elizabeth,Reed,408272934
491,Patricia,Brown,385016427
492,Roger,Soto,591966058
493,Shelly,Duncan,670460307
494,Bridget,Griffin,364056304
495,Brian,Harvey,635242979
496,Cheryl,Long,847230330
497,Melissa,Davidson,101127549
498,Katrina,Williams,770571925
499,Sara,Garcia,333730301
500,Kelly,Hebert,256584529
501,Kenneth,Dunn,634191088
502,Amanda,Shelton,825438908
503,Chris,Ball,211701310
504,Stephanie,Russell,998501451
505,Johnny,Griffin,935299000
506,Alex,Patterson,578855795
507,Brianna,Robertson,418771347
508,Tina,Scott,109575893
509,Jennifer,Morris,463907053
510,John,Glover,431775352
511,Joseph,Castro,326009807
512,Virginia,Walker,861778874
513,Ronald,Edwards,257488399
514,Mitchell,Rosario,464432156
515,Stephanie,Joyce,759962853
516,Jeffrey,Kaufman,694947392
517,Derek,Olson,765548657
518,Gina,Webb,432878222
519,Danielle,Brooks,981946216
520,Christopher,Rodriguez,777723413
521,David,Matthews,380597164
522,Patricia,White,431939900
523,Christopher,Castillo,401637113
524,Danny,Vazquez,773831456
525,Angelica,Hooper,233597877
526,Samantha,Scott,719504381
527,Caroline,Ray,175219472
528,Timothy,Wells,474196188
529,Helen,Ramos,669243899
530,Sheila,Ramirez,802313369
531,Amanda,Anderson,508638181
532,Mark,Gallagher,825726566
533,Melissa,Carter,749941601
534,Lisa,Murphy,484586778
535,Mark,Martinez,106017433
536,Craig,Ross,498740531
537,Joseph,Rios,852876579
538,Jessica,Medina,512486365
539,Tiffany,Frazier,624325258
540,Alyssa,Calhoun,778038893
541,Dale,Cuevas,589581450
542,Deborah,Calderon,458819120
543,Dylan,Williams,552175755
544,Emily,Johnson,130453982
545,Diane,Figueroa,449446886
546,Katherine,Nelson,977898244
547,Lisa,Hansen,820641946
548,Devin,Swanson,357961978
549,Melissa,Cooper,150011693
550,Steven,Montgomery,119488785
551,Casey,Duran,512650544
552,David,Johnson,373957134
553,Monica,Morrison,876083555
554,Jerome,Moore,794772372
555,Patricia,Clark,484449394
556,Janice,Allen,978719970
557,Bradley,Bishop,877998154
558,Timothy,Morton,721062370
559,Julie,Cole,316970577
560,Renee,King,332822070
561,Sean,Garcia,412539123
562,Alex,Guerrero,424078280
563,Douglas,Burns,707958059
564,Alan,Smith,781066284
565,Jacob,Kim,766760846
566,Michael,Reeves,701781700
567,Sarah,Castillo,625030420
568,Keith,Brady,837700029
569,Daniel,White,515019849
570,Kelli,Cole,910364858
571,Joseph,Watkins,220019309
572,Gary,Goodman,471745396
573,David,Ward,957691677
574,Kathryn,Espinoza,537517940
575,Richard,Smith,867167131
576,Christina,Sweeney,706430039
577,Donald,Morris,677079005
578,Matthew,Osborne,625131661
579,Emily,Henderson,154735001
580,Penny,Ramirez,604716045
581,Joel,Richards,786808866
582,Noah,Sharp,781600003
583,Kyle,Jackson,663196586
584,Tristan,Aguirre,981764225
585,Brianna,Mitchell,960119805
586,Nicole,Anderson,864073174
587,Megan,Flores,589230402
588,Joseph,Maynard,693934299
589,Lauren,Shepard,255428546
590,Wayne,Todd,354770554
591,Diana,Turner,265793139
592,Johnathan,Lowery,500853024
593,Andrew,Cherry,586483465
594,Molly,Jenkins,244800623
595,Craig,Patterson,470378998
596,Micheal,Nguyen,467774972
597,Roger,Boyd,449930719
598,Andrew,Brooks,689217654
599,Danielle,Taylor,255064640
600,Cameron,Turner,252757041
601,Megan,King,154552384
602,Brandon,Wilson,639202665
603,Sara,Lucero,634102541
604,Samuel,Molina,447049151
605,Martin,Chambers,977405590
606,Erica,Kelley,284262020
607,Douglas,Scott,867877084
608,Stephanie,Goodwin,826074510
609,Allison,Olson,529832834
610,Carol,Collier,541377113
611,Robert,Schmidt,510831749
612,Natalie,Dawson,814056544
613,Benjamin,Jennings,531329647
614,Ryan,Campbell,290429844
615,Parker,Carr,666645454
616,Steve,Mitchell,318490231
617,Darlene,Herrera,300801111
618,Keith,Simpson,390108693
619,Scott,Gomez,135769376
620,Jacob,Caldwell,515864746
621,Daniel,Cox,558260119
622,Amy,Mata,743796724
623,Heidi,Rodriguez,692864397
624,Clayton,Bell,993033597
625,Amanda,Davis,675876891
626,Connie,Richardson,499908351
627,Ashley,Lambert,151065136
628,Elizabeth,Taylor,269813034
629,Jonathan,Kelly,904995205
630,Dana,Foley,298570233
631,Eric,Mcdonald,802306773
632,Megan,Martin,161434562
633,Lisa,Johnson,747399929
634,Richard,Riddle,452938262
635,Robert,Bennett,225860244
636,Bridget,Harris,916058766
637,Barbara,Watts,335761144
638,Keith,Jones,565026301
639,Alan,Mcdonald,554981507
640,Theresa,Scott,829644341
641,Laura,Peterson,368824595
642,Melissa,Carter,503222111
643,Christopher,Romero,776791964
644,Joseph,Adams,378931426
645,Glenda,Flores,632518716
646,Jillian,Brown,246113343
647,Adam,Patterson,937346607
648,Natasha,Cunningham,525268094
649,April,Stanton,453356821
650,Troy,Peterson,212254256
651,Thomas,Moore,756946449
652,Meagan,Garcia,643232019
653,Daniel,Campbell,904893805
654,Robert,Delgado,151467634
655,Traci,Torres,597861398
656,Julia,Hall,453374663
657,Tracey,Williams,898497520
658,Michael,Wolfe,207118136
659,Amanda,Payne,357985725
660,Sharon,Pace,489935804
661,Sara,Campbell,527551623
662,Blake,Wilson,926428016
663,Stephen,Walker,339204629
664,Robert,Horton,957790174
665,James,Shaw,953726493
666,Brandon,Stevenson,599205378
667,Nicole,Willis,883014622
668,Daniel,Smith,339930304
669,Shannon,Hughes,860187241
670,Amber,Huerta,455412033
671,Jesse,Anderson,278734144
672,Lauren,Smith,728477067
673,Tyler,Alvarado,196098298
674,Anthony,Webb,660506051
675,Brian,Fields,217421298
676,Donald,Lambert,917459500
677,Cristina,Martin,279324029
678,Kimberly,Ramirez,717200116
679,Yvonne,Lopez,364001355
680,James,Brown,775188311
681,Hannah,Harris,611196339
682,Patrick,Thompson,396626462
683,Julie,Powers,479440677
684,Dave,Hammond,683599030
685,Derek,Wilson,770312823
686,Michael,Bailey,351856118
687,Amy,Schneider,843294746
688,Julie,Long,838067241
689,Susan,Munoz,826004768
690,Christopher,Johnson,992531494
691,Eric,Montoya,735928389
692,Lori,Murphy,294654096
693,Daniel,Nunez,931873933
694,Margaret,Massey,995836765
695,Henry,Smith,415809473
696,Steven,Waters,562942460
697,Melissa,Murphy,917317852
698,Daniel,Gutierrez,177650595
699,Andrea,Howell,563269047
700,Steven,Watson,735573824
701,Tyrone,Williams,536568925
702,William,Figueroa,942549252
703,Peter,Kerr,433354840
704,Theresa,Schultz,905071975
705,David,Greene,243909657
706,Dakota,Hogan,687328951
707,Tammy,Wilson,740098610
708,Nicole,Maynard,773980965
709,Thomas,Ho,381085868
710,Seth,Miller,425303697
711,Brittany,Franklin,259595309
712,James,Ray,548339172
713,Michael,Roberts,504724802
714,Jennifer,Miller,147636869
715,Diana,Johnson,467998938
716,Matthew,Coffey,860881270
717,Donald,Johnson,448424002
718,Michael,Jackson,655323304
719,Michael,Reid,240370347
720,Brenda,Melendez,713271664
721,Daniel,Arnold,628456712
722,Amanda,Huynh,756007161
723,Jeremy,Acevedo,367512002
724,Tonya,Nunez,996661701
725,Colleen,Meyer,644997185
726,Lori,Clarke,595972802
727,Victor,Park,249609116
728,Cheryl,Lynn,353981782
729,Donald,Myers,304406841
730,Sara,Soto,219379229
731,Chelsea,Martin,450754177
732,Shawn,Whitaker,744727008
733,Timothy,Charles,305201058
734,William,Grant,632869293
735,Randy,Stephens,807827141
736,Mark,Roy,745596242
737,Rachel,Middleton,510483671
738,Rebecca,Miller,446102819
739,Jennifer,Mitchell,445147914
740,Brittany,Hart,848477519
741,Kathleen,Campbell,378142012
742,Chad,Anderson,338208243
743,Christopher,Taylor,788828370
744,Kara,Ortiz,469363578
745,Sharon,Page,420317798
746,Linda,Werner,495658496
747,Juan,Holt,580308547
748,Christopher,Briggs,629983341
749,Anna,Mcdonald,427745091
750,Christopher,Jones,660263694
751,Tiffany,Pope,260034177
752,Kevin,Perez,376537293
753,Michelle,Mitchell,432459438
754,Brenda,Bailey,959587162
755,Erin,Nelson,795981608
756,Jeffrey,Bates,680629727
757,Charles,Jackson,843082543
758,Donald,Rodriguez,573788057
759,Timothy,Lopez,503764710
760,Jacob,Wolfe,420555200
761,Teresa,Griffin,837934414
762,Corey,Garrett,758820661
763,Marc,Palmer,526332077
764,David,Miller,175616207
765,Wendy,Murray,751884812
766,Cassandra,Morrison,857032790
767,David,Wang,627845814
768,Joseph,Park,532780626
769,Andrew,Parker,860002157
770,Rachel,White,457826509
771,Ellen,Richardson,662414774
772,Rhonda,Thompson,617319313
773,Rebecca,Lawrence,550626635
774,Amanda,Walls,449273851
775,Laura,Ayala,956564588
776,Andrew,Harper,914655733
777,Sarah,Gonzalez,802481904
778,Robert,Jenkins,611000940
779,Ashlee,Davis,883442402
780,Natalie,Jensen,670300914
781,Austin,Smith,948963905
782,Carlos,Parker,258724354
783,Bryan,Garcia,608162674
784,Patrick,Horn,535725312
785,Andrew,Lamb,161445376
786,Peter,Davenport,833611429
787,Alexander,Sullivan,381122457
788,William,Perez,185757883
789,John,Meyer,927456542
790,Tracy,Walker,774440010
791,Katherine,Hopkins,345764145
792,Evan,Shepard,978511071
793,Jennifer,Gordon,577129985
794,Keith,Shelton,471850395
795,Dalton,King,400931290
796,Kyle,Daniels,841013891
797,William,Powell,600524006
798,Robert,Moran,165067104
799,Daniel,Hartman,665853403
800,Sue,Odom,605776902
801,Veronica,Peters,857261154
802,Helen,Lee,705274187
803,Lisa,Serrano,241381322
804,Francis,Williams,225139112
805,Patrick,Ross,276047322
806,Destiny,Little,510350806
807,Jason,Ramirez,875986095
808,Carlos,Higgins,898575961
809,Carrie,Sullivan,849530057
810,Justin,Blackburn,560019829
811,Kristi,Green,409953709
812,Stephanie,Bishop,337576577
813,Joseph,Pitts,517021485
814,John,Valdez,354977438
815,Abigail,Gates,101139803
816,Eddie,Johnson,826014143
817,Cathy,Fuller,706160916
818,Christopher,Tran,428660358
819,Henry,Jones,752610388
820,Richard,Martinez,859793786
821,Miranda,Ortega,288071409
822,Laura,Orozco,869545093
823,Dale,Leblanc,617095105
824,Pamela,Roth,164810210
825,Anthony,Brown,702199408
826,Heather,Rodriguez,403621301
827,Brenda,Conner,427162955
828,Robin,Pacheco,476694193
829,Christine,Fleming,571837101
830,Eric,Jackson,191020904
831,Johnny,Black,910351989
832,Kevin,Montoya,250117034
833,Sandy,Williams,194925793
834,Alejandra,Perez,699706432
835,Charles,Cox,920390935
836,Timothy,Ballard,558912759
837,Courtney,Osborne,453363153
838,Kristina,Vang,200146299
839,Christian,Roberts,602276360
840,Austin,Ray,729759142
841,Zachary,Gonzalez,153627105
842,Jacob,Perry,106234352
843,Brenda,Lee,547453388
844,Brent,Wagner,989220585
845,Patricia,Barrett,962817205
846,Chelsea,Anderson,668116965
847,Michael,Richardson,122341285
848,Timothy,Porter,563167764
849,Mark,Lopez,819871186
850,Jennifer,Schmidt,171436673
851,Mark,Schwartz,691963292
852,Jonathan,Turner,626461430
853,Tina,West,816758018
854,Kenneth,Jones,270773693
855,Stephen,Elliott,355493049
856,Olivia,Schmidt,450357451
857,Aaron,Miller,757624459
858,Timothy,Miller,510610580
859,Mary,Hawkins,410448456
860,Omar,Waters,396669815
861,Christopher,Knapp,667388671
862,Hannah,Weeks,441691602
863,Diane,Cobb,521852689
864,Donna,Barton,278835368
865,Jonathan,Cox,450224088
866,Julie,Rice,749835956
867,Danielle,Dixon,779458481
868,Darrell,Gonzalez,540571180
869,Evan,Schmidt,208526290
870,Curtis,Mclaughlin,906772062
871,Jerry,Morales,145204524
872,Holly,Moore,756712530
873,Keith,Pham,464207733
874,Lisa,Wilson,992065864
875,Sherry,Phelps,897800212
876,Paul,Taylor,119007787
877,Jacob,Cherry,273670164
878,James,Mckinney,200955223
879,Joseph,Lara,716211364
880,Anthony,King,449030592
881,Loretta,Mueller,133543474
882,Carolyn,Berger,426361077
883,Susan,Hall,550712334
884,Mark,Austin,955221704
885,Lisa,Thompson,620242985
886,Linda,Goodman,232149156
887,Calvin,Cox,600494342
888,Kathryn,Avila,724053391
889,Matthew,Moore,567389488
890,Michael,Taylor,354428982
891,Brandon,Ward,740208487
892,Heather,Tate,308177703
893,James,Palmer,456833709
894,Heather,Richardson,163474674
895,Christopher,Conner,356248463
896,Jeremy,Hudson,914406071
897,Roger,Mata,835325537
898,Katherine,Graves,520577316
899,John,Jackson,292006881
900,David,Edwards,852640759
901,Danny,Cowan,419481794
902,Michael,Freeman,970567765
903,Tyler,Bailey,172703026
904,Jeffrey,Pratt,152285208
905,Zachary,Payne,260423554
906,Sarah,Tran,865112610
907,Sarah,Bell,415825628
908,Stacey,Santiago,745133182
909,Daniel,Burke,315660161
910,Tammy,Elliott,583077456
911,Mary,Anthony,761252631
912,Amanda,Smith,109644801
913,David,Edwards,267744991
914,Adrian,Hughes,306158796
915,Caitlin,Bowers,997864798
916,Monica,Davis,597184783
917,Juan,Small,471675506
918,Amanda,Hall,511170887
919,Lucas,Smith,468350228
920,Joshua,Porter,715997621
921,Virginia,Woods,781807042
922,Brandon,Wilson,292855258
923,Heidi,Walker,476897179
924,Michael,Phillips,756256304
925,Ronald,Thomas,959518331
926,Anna,Carroll,906508833
927,Steven,Jones,950606183
928,Elizabeth,Taylor,150058392
929,Richard,Mckay,676552945
930,Cynthia,Brown,604359658
931,John,Miller,961307753
932,Oscar,Howard,950222188
933,Shannon,Harrison,347578571
934,Renee,Dorsey,312912548
935,Christopher,Howard,824758027
936,Justin,Huff,920707110
937,Lisa,Fuller,889377184
938,Crystal,Hernandez,547736531
939,Eric,Campbell,204356314
940,Jennifer,Williams,404643074
941,Casey,Adams,645985251
942,Paula,Curry,986575556
943,Dana,Carpenter,950799568
944,Janice,Parker,336424735
945,Jennifer,Ramos,221323094
946,Anthony,Ortiz,684367237
947,Theodore,Lopez,535558713
948,Susan,Cuevas,696207851
949,Erin,Snyder,853885655
950,Donald,Brown,466823889
951,Preston,Lucas,302539524
952,Donald,Lee,815874143
953,Douglas,Atkinson,937229709
954,Christina,Booth,520953108
955,Alicia,Gardner,209746270
956,Aaron,Coleman,485654964
957,Tanya,Wood,389203187
958,Robert,Parker,316006642
959,Dawn,Brandt,472869572
960,Thomas,Mcknight,452768462
961,Crystal,Rivera,877042912
962,Sheila,Rogers,631441108
963,Katie,Avila,280660778
964,Susan,Hawkins,996554616
965,Catherine,Brown,828925734
966,Richard,Lewis,257228751
967,Monica,Perez,600332949
968,Timothy,Young,838233277
969,Nancy,Cuevas,266720694
970,David,Castillo,257511596
971,Anthony,Roman,733435494
972,Maria,Mcknight,131425908
973,Alexandria,Travis,819598250
974,Jorge,Mendoza,352803048
975,Molly,Garcia,293156827
976,Mark,Moreno,151656677
977,Max,Joyce,587924972
978,Crystal,Peters,576503633
979,Hannah,Welch,712289415
980,Jeffrey,Taylor,875421075
981,Julie,Gibson,367855181
982,Stacy,Howe,908923066
983,Frederick,Ortega,721952207
984,Deanna,Woods,670137389
985,Melissa,Burton,442180021
986,Tony,Howard,638051503
987,Olivia,Cruz,895536089
988,Jason,Hayes,321887695
989,Dustin,Burns,643007235
990,Annette,Gray,271526569
991,Crystal,Thomas,172689661
992,Caitlin,Miller,659271451
993,Stephanie,Wilson,497283167
994,Mark,Oconnor,954202660
995,Angela,Cervantes,443812037
996,Ronald,Cooper,478587094
997,Kathleen,Beasley,903886949
998,Christopher,Martinez,344844703
999,Joe,Davis,369048929
1000,Roger,Lucero,579348731
